Symbol,Date,Adjusted_price
MMM,2020-10-30,161.56
MMM,2020-09-30,161.78
MMM,2020-07-31,150.6
MMM,2020-04-30,150.56
MMM,2019-10-31,160.66
MMM,2017-10-31,211.99
MMM,2015-10-30,137.56
ABT,2020-10-30,106.16
ABT,2020-09-30,109.55
ABT,2020-07-31,101.31
ABT,2020-04-30,92.34
ABT,2019-10-31,83.13
ABT,2017-10-31,52.09
ABT,2015-10-30,41.03
ABBV,2020-10-30,85.95
ABBV,2020-09-30,87.27
ABBV,2020-07-31,94.57
ABBV,2020-04-30,80.92
ABBV,2019-10-31,76.13
ABBV,2017-10-31,77.54
ABBV,2015-10-30,47.52
ABMD,2020-10-30,254.4
ABMD,2020-09-30,279.83
ABMD,2020-07-31,302.94
ABMD,2020-04-30,193.16
ABMD,2019-10-31,209.66
ABMD,2017-10-31,194.85
ABMD,2015-10-30,74.4
ACN,2020-10-30,219.08
ACN,2020-09-30,227.36
ACN,2020-07-31,226.14
ACN,2020-04-30,185.63
ACN,2019-10-31,184.31
ACN,2017-10-31,137.27
ACN,2015-10-30,99.31
ATVI,2020-10-30,76.49
ATVI,2020-09-30,81.76
ATVI,2020-07-31,83.46
ATVI,2020-04-30,64.37
ATVI,2019-10-31,56.22
ATVI,2017-10-31,64.85
ATVI,2015-10-30,33.94
ADBE,2020-10-30,451.57
ADBE,2020-09-30,495.33
ADBE,2020-07-31,448.76
ADBE,2020-04-30,357.18
ADBE,2019-10-31,280.71
ADBE,2017-10-31,176.91
ADBE,2015-10-30,89.55
AMD,2020-10-30,76.04
AMD,2020-09-30,82.81
AMD,2020-07-31,78.2
AMD,2020-04-30,52.91
AMD,2019-10-31,34.27
AMD,2017-10-31,11.1
AMD,2015-10-30,2.14
AAP,2020-10-30,148.75
AAP,2020-09-30,155.04
AAP,2020-07-31,151.4
AAP,2020-04-30,121.5
AAP,2019-10-31,162.75
AAP,2017-10-31,81.6
AAP,2015-10-30,197.39
AES,2020-10-30,19.7
AES,2020-09-30,18.16
AES,2020-07-31,15.27
AES,2020-04-30,13.16
AES,2019-10-31,16.64
AES,2017-10-31,9.54
AES,2015-10-30,9.04
AFL,2020-10-30,34.29
AFL,2020-09-30,36.71
AFL,2020-07-31,35.65
AFL,2020-04-30,37.03
AFL,2019-10-31,52.32
AFL,2017-10-31,39.5
AFL,2015-10-30,28.59
A,2020-10-30,103.11
A,2020-09-30,101.77
A,2020-07-31,97.12
A,2020-04-30,77.12
A,2019-10-31,75.86
A,2017-10-31,66.92
A,2015-10-30,36.39
APD,2020-10-30,279.0
APD,2020-09-30,300.84
APD,2020-07-31,288.17
APD,2020-04-30,225.52
APD,2019-10-31,210.78
APD,2017-10-31,149.91
APD,2015-10-30,113.36
AKAM,2020-10-30,96.07
AKAM,2020-09-30,111.65
AKAM,2020-07-31,113.56
AKAM,2020-04-30,98.69
AKAM,2019-10-31,87.36
AKAM,2017-10-31,52.77
AKAM,2015-10-30,61.43
ALK,2020-10-30,38.27
ALK,2020-09-30,37.0
ALK,2020-07-31,34.78
ALK,2020-04-30,32.85
ALK,2019-10-31,69.39
ALK,2017-10-31,63.32
ALK,2015-10-30,70.8
ALB,2020-10-30,94.14
ALB,2020-09-30,90.17
ALB,2020-07-31,82.96
ALB,2020-04-30,61.52
ALB,2019-10-31,60.16
ALB,2017-10-31,135.25
ALB,2015-10-30,49.83
ARE,2020-10-30,153.04
ARE,2020-09-30,161.6
ARE,2020-07-31,178.14
ARE,2020-04-30,156.59
ARE,2019-10-31,156.1
ARE,2017-10-31,114.98
ARE,2015-10-30,78.21
ALXN,2020-10-30,116.29
ALXN,2020-09-30,115.57
ALXN,2020-07-31,103.51
ALXN,2020-04-30,108.54
ALXN,2019-10-31,106.45
ALXN,2017-10-31,120.86
ALXN,2015-10-30,177.76
ALGN,2020-10-30,430.34
ALGN,2020-09-30,330.63
ALGN,2020-07-31,296.76
ALGN,2020-04-30,217.0
ALGN,2019-10-31,254.81
ALGN,2017-10-31,241.37
ALGN,2015-10-30,66.11
ALLE,2020-10-30,99.48
ALLE,2020-09-30,99.9
ALLE,2020-07-31,100.13
ALLE,2020-04-30,100.9
ALLE,2019-10-31,115.87
ALLE,2017-10-31,81.62
ALLE,2015-10-30,62.83
LNT,2020-10-30,55.83
LNT,2020-09-30,51.81
LNT,2020-07-31,54.01
LNT,2020-04-30,48.36
LNT,2019-10-31,52.39
LNT,2017-10-31,39.95
LNT,2015-10-30,25.54
ALL,2020-10-30,89.64
ALL,2020-09-30,95.08
ALL,2020-07-31,94.78
ALL,2020-04-30,101.58
ALL,2019-10-31,105.28
ALL,2017-10-31,89.32
ALL,2015-10-30,56.73
GOOGL,2020-10-30,1632.27
GOOGL,2020-09-30,1480.26
GOOGL,2020-07-31,1502.83
GOOGL,2020-04-30,1360.17
GOOGL,2019-10-31,1271.39
GOOGL,2017-10-31,1043.37
GOOGL,2015-10-30,744.76
GOOG,2020-10-30,1637.22
GOOG,2020-09-30,1484.3
GOOG,2020-07-31,1497.79
GOOG,2020-04-30,1362.15
GOOG,2019-10-31,1272.71
GOOG,2017-10-31,1026.81
GOOG,2015-10-30,717.92
MO,2020-10-30,36.44
MO,2020-09-30,39.03
MO,2020-07-31,40.74
MO,2020-04-30,38.03
MO,2019-10-31,41.55
MO,2017-10-31,53.37
MO,2015-10-30,46.73
AMZN,2020-10-30,3066.51
AMZN,2020-09-30,3180.22
AMZN,2020-07-31,3196.33
AMZN,2020-04-30,2498.74
AMZN,2019-10-31,1794.43
AMZN,2017-10-31,1116.33
AMZN,2015-10-30,632.16
AMCR,2020-10-30,10.53
AMCR,2020-09-30,11.16
AMCR,2020-07-31,10.29
AMCR,2020-04-30,8.87
AMCR,2019-10-31,9.19
AMCR,2017-10-31,10.69
AMCR,2015-10-30,7.74
AEE,2020-10-30,81.93
AEE,2020-09-30,79.87
AEE,2020-07-31,80.54
AEE,2020-04-30,72.55
AEE,2019-10-31,76.51
AEE,2017-10-31,57.67
AEE,2015-10-30,37.96
AAL,2020-10-30,11.39
AAL,2020-09-30,12.41
AAL,2020-07-31,11.23
AAL,2020-04-30,12.13
AAL,2019-10-31,30.15
AAL,2017-10-31,45.99
AAL,2015-10-30,44.51
AEP,2020-10-30,90.83
AEP,2020-09-30,82.55
AEP,2020-07-31,87.03
AEP,2020-04-30,82.52
AEP,2019-10-31,92.36
AEP,2017-10-31,67.96
AEP,2015-10-30,48.18
AXP,2020-10-30,92.15
AXP,2020-09-30,100.83
AXP,2020-07-31,93.86
AXP,2020-04-30,91.36
AXP,2019-10-31,116.37
AXP,2017-10-31,92.07
AXP,2015-10-30,68.18
AIG,2020-10-30,31.8
AIG,2020-09-30,27.81
AIG,2020-07-31,32.1
AIG,2020-04-30,25.14
AIG,2019-10-31,51.39
AIG,2017-10-31,59.59
AIG,2015-10-30,55.77
AMT,2020-10-30,231.95
AMT,2020-09-30,244.15
AMT,2020-07-31,262.73
AMT,2020-04-30,238.22
AMT,2019-10-31,216.41
AMT,2017-10-31,136.99
AMT,2015-10-30,93.62
AWK,2020-10-30,152.02
AWK,2020-09-30,146.33
AWK,2020-07-31,148.2
AWK,2020-04-30,121.89
AWK,2019-10-31,122.49
AWK,2017-10-31,83.84
AWK,2015-10-30,52.57
AMP,2020-10-30,162.44
AMP,2020-09-30,155.65
AMP,2020-07-31,154.13
AMP,2020-04-30,114.33
AMP,2019-10-31,148.32
AMP,2017-10-31,146.21
AMP,2015-10-30,102.34
ABC,2020-10-30,97.03
ABC,2020-09-30,97.89
ABC,2020-07-31,100.78
ABC,2020-04-30,89.74
ABC,2019-10-31,84.68
ABC,2017-10-31,73.6
ABC,2015-10-30,89.29
AME,2020-10-30,99.18
AME,2020-09-30,100.39
AME,2020-07-31,94.01
AME,2020-04-30,84.39
AME,2019-10-31,91.87
AME,2017-10-31,66.74
AME,2015-10-30,53.48
AMGN,2020-10-30,219.11
AMGN,2020-09-30,256.7
AMGN,2020-07-31,245.47
AMGN,2020-04-30,238.39
AMGN,2019-10-31,209.62
AMGN,2017-10-31,162.35
AMGN,2015-10-30,139.16
APH,2020-10-30,113.97
APH,2020-09-30,109.35
APH,2020-07-31,106.57
APH,2020-04-30,88.7
APH,2019-10-31,100.27
APH,2017-10-31,85.28
APH,2015-10-30,52.17
ADI,2020-10-30,119.72
ADI,2020-09-30,117.91
ADI,2020-07-31,115.4
ADI,2020-04-30,109.53
ADI,2019-10-31,105.48
ADI,2017-10-31,86.7
ADI,2015-10-30,54.26
ANSS,2020-10-30,307.41
ANSS,2020-09-30,330.5
ANSS,2020-07-31,313.71
ANSS,2020-04-30,264.45
ANSS,2019-10-31,222.35
ANSS,2017-10-31,138.08
ANSS,2015-10-30,96.26
ANTM,2020-10-30,275.53
ANTM,2020-09-30,271.28
ANTM,2020-07-31,275.56
ANTM,2020-04-30,281.64
ANTM,2019-10-31,268.2
ANTM,2017-10-31,203.67
ANTM,2015-10-30,130.77
AON,2020-10-30,185.85
AON,2020-09-30,207.85
AON,2020-07-31,206.76
AON,2020-04-30,173.6
AON,2019-10-31,193.31
AON,2017-10-31,140.27
AON,2015-10-30,89.11
AOS,2020-10-30,52.21
AOS,2020-09-30,53.06
AOS,2020-07-31,48.38
AOS,2020-04-30,42.4
AOS,2019-10-31,49.16
AOS,2017-10-31,56.71
AOS,2015-10-30,35.99
APA,2020-10-30,8.38
APA,2020-09-30,9.54
APA,2020-07-31,15.46
APA,2020-04-30,13.15
APA,2019-10-31,21.55
APA,2017-10-31,38.78
APA,2015-10-30,42.43
AIV,2020-10-30,31.4
AIV,2020-09-30,33.19
AIV,2020-07-31,37.78
AIV,2020-04-30,36.23
AIV,2019-10-31,52.0
AIV,2017-10-31,37.51
AIV,2015-10-30,31.31
AAPL,2020-10-30,109.95
AAPL,2020-09-30,116.97
AAPL,2020-07-31,107.13
AAPL,2020-04-30,73.85
AAPL,2019-10-31,62.2
AAPL,2017-10-31,41.0
AAPL,2015-10-30,27.89
AMAT,2020-10-30,59.82
AMAT,2020-09-30,60.04
AMAT,2020-07-31,64.76
AMAT,2020-04-30,49.81
AMAT,2019-10-31,54.05
AMAT,2017-10-31,54.42
AMAT,2015-10-30,15.66
APTV,2020-10-30,97.45
APTV,2020-09-30,92.6
APTV,2020-07-31,78.53
APTV,2020-04-30,70.25
APTV,2019-10-31,90.01
APTV,2017-10-31,81.93
APTV,2015-10-30,66.06
ADM,2020-10-30,46.7
ADM,2020-09-30,46.95
ADM,2020-07-31,42.9
ADM,2020-04-30,36.83
ADM,2019-10-31,41.03
ADM,2017-10-31,37.42
ADM,2015-10-30,39.33
ANET,2020-10-30,210.99
ANET,2020-09-30,209.0
ANET,2020-07-31,262.37
ANET,2020-04-30,221.49
ANET,2019-10-31,247.02
ANET,2017-10-31,201.89
ANET,2015-10-30,65.16
AJG,2020-10-30,104.75
AJG,2020-09-30,106.64
AJG,2020-07-31,108.11
AJG,2020-04-30,78.59
AJG,2019-10-31,90.52
AJG,2017-10-31,60.14
AJG,2015-10-30,38.78
AIZ,2020-10-30,125.61
AIZ,2020-09-30,122.52
AIZ,2020-07-31,107.99
AIZ,2020-04-30,106.09
AIZ,2019-10-31,124.74
AIZ,2017-10-31,95.07
AIZ,2015-10-30,73.5
T,2020-10-30,27.29
T,2020-09-30,28.28
T,2020-07-31,29.34
T,2020-04-30,29.7
T,2019-10-31,36.39
T,2017-10-31,28.26
T,2015-10-30,25.5
ATO,2020-10-30,92.59
ATO,2020-09-30,96.55
ATO,2020-07-31,106.44
ATO,2020-04-30,101.81
ATO,2019-10-31,111.16
ATO,2017-10-31,82.59
ATO,2015-10-30,56.9
ADSK,2020-10-30,237.9
ADSK,2020-09-30,233.32
ADSK,2020-07-31,238.79
ADSK,2020-04-30,189.0
ADSK,2019-10-31,148.83
ADSK,2017-10-31,126.21
ADSK,2015-10-30,55.74
ADP,2020-10-30,159.54
ADP,2020-09-30,140.88
ADP,2020-07-31,133.35
ADP,2020-04-30,146.32
ADP,2019-10-31,159.94
ADP,2017-10-31,109.99
ADP,2015-10-30,78.54
AZO,2020-10-30,1140.27
AZO,2020-09-30,1189.42
AZO,2020-07-31,1219.49
AZO,2020-04-30,1030.52
AZO,2019-10-31,1155.82
AZO,2017-10-31,595.4
AZO,2015-10-30,792.25
AVB,2020-10-30,140.52
AVB,2020-09-30,150.83
AVB,2020-07-31,153.03
AVB,2020-04-30,161.15
AVB,2019-10-31,211.55
AVB,2017-10-31,165.17
AVB,2015-10-30,149.96
AVY,2020-10-30,139.77
AVY,2020-09-30,129.12
AVY,2020-07-31,113.9
AVY,2020-04-30,110.36
AVY,2019-10-31,126.64
AVY,2017-10-31,101.18
AVY,2015-10-30,59.31
BKR,2020-10-30,14.92
BKR,2020-09-30,13.42
BKR,2020-07-31,15.47
BKR,2020-04-30,13.78
BKR,2019-10-31,20.79
BKR,2017-10-31,28.97
BKR,2015-10-30,32.9
BLL,2020-10-30,89.89
BLL,2020-09-30,83.95
BLL,2020-07-31,74.22
BLL,2020-04-30,65.98
BLL,2019-10-31,70.08
BLL,2017-10-31,42.22
BLL,2015-10-30,33.16
BAC,2020-10-30,23.94
BAC,2020-09-30,24.33
BAC,2020-07-31,24.96
BAC,2020-04-30,23.96
BAC,2019-10-31,30.78
BAC,2017-10-31,25.92
BAC,2015-10-30,15.41
BK,2020-10-30,34.7
BK,2020-09-30,34.39
BK,2020-07-31,35.91
BK,2020-04-30,37.28
BK,2019-10-31,45.71
BK,2017-10-31,48.14
BK,2015-10-30,37.6
BAX,2020-10-30,78.35
BAX,2020-09-30,81.22
BAX,2020-07-31,86.99
BAX,2020-04-30,89.17
BAX,2019-10-31,76.64
BAX,2017-10-31,63.09
BAX,2015-10-30,35.77
BDX,2020-10-30,233.44
BDX,2020-09-30,235.01
BDX,2020-07-31,283.19
BDX,2020-04-30,253.37
BDX,2019-10-31,255.22
BDX,2017-10-31,202.79
BDX,2015-10-30,134.11
BRK-B,2020-10-30,203.92
BRK-B,2020-09-30,215.07
BRK-B,2020-07-31,197.74
BRK-B,2020-04-30,189.23
BRK-B,2019-10-31,214.71
BRK-B,2017-10-31,188.81
BRK-B,2015-10-30,137.38
BBY,2020-10-30,112.67
BBY,2020-09-30,112.4
BBY,2020-07-31,100.07
BBY,2020-04-30,76.58
BBY,2019-10-31,70.62
BBY,2017-10-31,52.18
BBY,2015-10-30,30.39
BIO,2020-10-30,592.28
BIO,2020-09-30,520.61
BIO,2020-07-31,530.14
BIO,2020-04-30,444.5
BIO,2019-10-31,334.94
BIO,2017-10-31,221.99
BIO,2015-10-30,140.87
BIIB,2020-10-30,254.59
BIIB,2020-09-30,286.52
BIIB,2020-07-31,277.44
BIIB,2020-04-30,299.8
BIIB,2019-10-31,301.7
BIIB,2017-10-31,314.78
BIIB,2015-10-30,293.42
BLK,2020-10-30,605.2
BLK,2020-09-30,569.19
BLK,2020-07-31,577.3
BLK,2020-04-30,500.7
BLK,2019-10-31,453.89
BLK,2017-10-31,438.93
BLK,2015-10-30,312.13
BA,2020-10-30,145.83
BA,2020-09-30,166.91
BA,2020-07-31,159.58
BA,2020-04-30,142.43
BA,2019-10-31,339.3
BA,2017-10-31,246.99
BA,2015-10-30,132.28
BKNG,2020-10-30,1638.72
BKNG,2020-09-30,1727.79
BKNG,2020-07-31,1678.75
BKNG,2020-04-30,1495.38
BKNG,2019-10-31,2069.26
BKNG,2017-10-31,1931.08
BKNG,2015-10-30,1468.78
BWA,2020-10-30,35.33
BWA,2020-09-30,39.13
BWA,2020-07-31,36.81
BWA,2020-04-30,28.58
BWA,2019-10-31,41.31
BWA,2017-10-31,50.6
BWA,2015-10-30,39.94
BXP,2020-10-30,73.13
BXP,2020-09-30,81.1
BXP,2020-07-31,88.91
BXP,2020-04-30,95.9
BXP,2019-10-31,133.03
BXP,2017-10-31,110.93
BXP,2015-10-30,109.17
BSX,2020-10-30,34.61
BSX,2020-09-30,38.59
BSX,2020-07-31,38.96
BSX,2020-04-30,37.85
BSX,2019-10-31,42.12
BSX,2017-10-31,28.42
BSX,2015-10-30,18.46
BMY,2020-10-30,59.03
BMY,2020-09-30,60.44
BMY,2020-07-31,58.8
BMY,2020-04-30,60.5
BMY,2019-10-31,56.21
BMY,2017-10-31,56.87
BMY,2015-10-30,57.84
AVGO,2020-10-30,353.13
AVGO,2020-09-30,367.96
AVGO,2020-07-31,317.03
AVGO,2020-04-30,269.08
AVGO,2019-10-31,282.41
AVGO,2017-10-31,238.23
AVGO,2015-10-30,107.75
BR,2020-10-30,138.98
BR,2020-09-30,133.32
BR,2020-07-31,135.11
BR,2020-04-30,116.14
BR,2019-10-31,124.12
BR,2017-10-31,82.5
BR,2015-10-30,55.0
BF-B,2020-10-30,70.41
BF-B,2020-09-30,76.07
BF-B,2020-07-31,69.88
BF-B,2020-04-30,62.52
BF-B,2019-10-31,65.5
BF-B,2017-10-31,43.36
BF-B,2015-10-30,38.5
CHRW,2020-10-30,89.31
CHRW,2020-09-30,103.21
CHRW,2020-07-31,94.17
CHRW,2020-04-30,70.81
CHRW,2019-10-31,74.51
CHRW,2017-10-31,74.02
CHRW,2015-10-30,62.23
COG,2020-10-30,17.97
COG,2020-09-30,17.53
COG,2020-07-31,18.8
COG,2020-04-30,21.61
COG,2019-10-31,18.41
COG,2017-10-31,26.73
COG,2015-10-30,20.74
CDNS,2020-10-30,110.46
CDNS,2020-09-30,107.7
CDNS,2020-07-31,110.34
CDNS,2020-04-30,81.94
CDNS,2019-10-31,66.0
CDNS,2017-10-31,43.59
CDNS,2015-10-30,22.44
CPB,2020-10-30,47.14
CPB,2020-09-30,48.5
CPB,2020-07-31,49.7
CPB,2020-04-30,49.76
CPB,2019-10-31,45.43
CPB,2017-10-31,43.4
CPB,2015-10-30,44.04
COF,2020-10-30,73.81
COF,2020-09-30,72.58
COF,2020-07-31,64.34
COF,2020-04-30,64.87
COF,2019-10-31,92.68
COF,2017-10-31,88.4
COF,2015-10-30,71.76
CAH,2020-10-30,46.25
CAH,2020-09-30,47.42
CAH,2020-07-31,54.59
CAH,2020-04-30,49.0
CAH,2019-10-31,48.02
CAH,2017-10-31,55.38
CAH,2015-10-30,69.85
KMX,2020-10-30,87.3
KMX,2020-09-30,92.83
KMX,2020-07-31,97.94
KMX,2020-04-30,74.39
KMX,2019-10-31,94.1
KMX,2017-10-31,75.85
KMX,2015-10-30,59.6
CCL,2020-10-30,13.85
CCL,2020-09-30,15.33
CCL,2020-07-31,14.02
CCL,2020-04-30,16.06
CCL,2019-10-31,42.33
CCL,2017-10-31,61.31
CCL,2015-10-30,47.07
CARR,2020-10-30,33.72
CARR,2020-09-30,30.77
CARR,2020-07-31,27.44
CARR,2020-04-30,17.78
CARR,2019-10-31,
CARR,2017-10-31,
CARR,2015-10-30,
CTLT,2020-10-30,88.65
CTLT,2020-09-30,86.52
CTLT,2020-07-31,88.21
CTLT,2020-04-30,69.84
CTLT,2019-10-31,49.14
CTLT,2017-10-31,43.02
CTLT,2015-10-30,26.85
CAT,2020-10-30,158.62
CAT,2020-09-30,149.72
CAT,2020-07-31,133.39
CAT,2020-04-30,115.96
CAT,2019-10-31,135.11
CAT,2017-10-31,126.64
CAT,2015-10-30,62.64
CBOE,2020-10-30,82.1
CBOE,2020-09-30,88.62
CBOE,2020-07-31,88.17
CBOE,2020-04-30,99.57
CBOE,2019-10-31,114.69
CBOE,2017-10-31,110.09
CBOE,2015-10-30,63.57
CBRE,2020-10-30,50.9
CBRE,2020-09-30,47.44
CBRE,2020-07-31,44.25
CBRE,2020-04-30,43.36
CBRE,2019-10-31,54.09
CBRE,2017-10-31,39.71
CBRE,2015-10-30,37.65
CDW,2020-10-30,123.83
CDW,2020-09-30,120.73
CDW,2020-07-31,117.01
CDW,2020-04-30,111.14
CDW,2019-10-31,127.58
CDW,2017-10-31,68.24
CDW,2015-10-30,42.51
CE,2020-10-30,114.65
CE,2020-09-30,107.97
CE,2020-07-31,97.67
CE,2020-04-30,82.92
CE,2019-10-31,119.29
CE,2017-10-31,98.55
CE,2015-10-30,64.53
CNC,2020-10-30,59.69
CNC,2020-09-30,58.91
CNC,2020-07-31,65.9
CNC,2020-04-30,67.25
CNC,2019-10-31,53.61
CNC,2017-10-31,47.3
CNC,2015-10-30,30.04
CNP,2020-10-30,21.34
CNP,2020-09-30,19.54
CNP,2020-07-31,19.06
CNP,2020-04-30,16.92
CNP,2019-10-31,28.25
CNP,2017-10-31,26.55
CNP,2015-10-30,15.19
CERN,2020-10-30,70.79
CERN,2020-09-30,73.01
CERN,2020-07-31,69.96
CERN,2020-04-30,69.73
CERN,2019-10-31,67.08
CERN,2017-10-31,67.13
CERN,2015-10-30,65.91
CF,2020-10-30,27.89
CF,2020-09-30,31.02
CF,2020-07-31,31.37
CF,2020-04-30,27.2
CF,2019-10-31,44.25
CF,2017-10-31,35.04
CF,2015-10-30,42.7
SCHW,2020-10-30,41.52
SCHW,2020-09-30,36.59
SCHW,2020-07-31,33.31
SCHW,2020-04-30,37.7
SCHW,2019-10-31,40.37
SCHW,2017-10-31,43.36
SCHW,2015-10-30,28.95
CHTR,2020-10-30,609.86
CHTR,2020-09-30,630.58
CHTR,2020-07-31,585.8
CHTR,2020-04-30,500.18
CHTR,2019-10-31,472.54
CHTR,2017-10-31,337.51
CHTR,2015-10-30,192.85
CVX,2020-10-30,70.2
CVX,2020-09-30,72.72
CVX,2020-07-31,83.58
CVX,2020-04-30,90.27
CVX,2019-10-31,111.54
CVX,2017-10-31,103.04
CVX,2015-10-30,74.19
CMG,2020-10-30,1213.49
CMG,2020-09-30,1256.15
CMG,2020-07-31,1166.71
CMG,2020-04-30,887.34
CMG,2019-10-31,785.94
CMG,2017-10-31,274.62
CMG,2015-10-30,646.63
CB,2020-10-30,131.21
CB,2020-09-30,117.28
CB,2020-07-31,127.66
CB,2020-04-30,107.72
CB,2019-10-31,150.14
CB,2017-10-31,142.45
CB,2015-10-30,102.25
CHD,2020-10-30,89.27
CHD,2020-09-30,94.65
CHD,2020-07-31,97.05
CHD,2020-04-30,70.28
CHD,2019-10-31,69.77
CHD,2017-10-31,43.73
CHD,2015-10-30,40.41
CI,2020-10-30,168.64
CI,2020-09-30,171.1
CI,2020-07-31,174.42
CI,2020-04-30,197.74
CI,2019-10-31,180.2
CI,2017-10-31,199.06
CI,2015-10-30,135.22
CINF,2020-10-30,71.45
CINF,2020-09-30,78.75
CINF,2020-07-31,78.1
CINF,2020-04-30,65.31
CINF,2019-10-31,110.91
CINF,2017-10-31,64.81
CINF,2015-10-30,52.27
CTAS,2020-10-30,317.7
CTAS,2020-09-30,336.16
CTAS,2020-07-31,304.89
CTAS,2020-04-30,224.05
CTAS,2019-10-31,268.74
CTAS,2017-10-31,145.8
CTAS,2015-10-30,88.89
CSCO,2020-10-30,36.26
CSCO,2020-09-30,39.42
CSCO,2020-07-31,47.14
CSCO,2020-04-30,42.08
CSCO,2019-10-31,46.39
CSCO,2017-10-31,31.47
CSCO,2015-10-30,24.81
C,2020-10-30,41.83
C,2020-09-30,43.01
C,2020-07-31,49.89
C,2020-04-30,47.46
C,2019-10-31,69.27
C,2017-10-31,67.59
C,2015-10-30,47.95
CFG,2020-10-30,27.52
CFG,2020-09-30,25.18
CFG,2020-07-31,24.71
CFG,2020-04-30,21.96
CFG,2019-10-31,33.53
CFG,2017-10-31,34.07
CFG,2015-10-30,20.89
CTXS,2020-10-30,114.4
CTXS,2020-09-30,139.09
CTXS,2020-07-31,143.83
CTXS,2020-04-30,145.73
CTXS,2019-10-31,108.71
CTXS,2017-10-31,81.35
CTXS,2015-10-30,64.38
CLX,2020-10-30,208.25
CLX,2020-09-30,211.18
CLX,2020-07-31,237.64
CLX,2020-04-30,186.43
CLX,2019-10-31,145.89
CLX,2017-10-31,118.45
CLX,2015-10-30,108.54
CME,2020-10-30,152.23
CME,2020-09-30,168.98
CME,2020-07-31,166.98
CME,2020-04-30,178.29
CME,2019-10-31,201.77
CME,2017-10-31,126.03
CME,2015-10-30,78.31
CMS,2020-10-30,63.96
CMS,2020-09-30,62.02
CMS,2020-07-31,64.4
CMS,2020-04-30,56.85
CMS,2019-10-31,63.28
CMS,2017-10-31,44.87
CMS,2015-10-30,31.5
KO,2020-10-30,48.54
KO,2020-09-30,49.86
KO,2020-07-31,47.33
KO,2020-04-30,45.56
KO,2019-10-31,53.18
KO,2017-10-31,42.06
KO,2015-10-30,36.31
CTSH,2020-10-30,72.13
CTSH,2020-09-30,70.11
CTSH,2020-07-31,68.78
CTSH,2020-04-30,58.17
CTSH,2019-10-31,60.71
CTSH,2017-10-31,73.55
CTSH,2015-10-30,65.91
CL,2020-10-30,79.68
CL,2020-09-30,77.5
CL,2020-07-31,77.55
CL,2020-04-30,70.16
CL,2019-10-31,67.68
CL,2017-10-31,66.17
CL,2015-10-30,59.61
CMCSA,2020-10-30,42.66
CMCSA,2020-09-30,46.49
CMCSA,2020-07-31,43.02
CMCSA,2020-04-30,37.59
CMCSA,2019-10-31,44.28
CMCSA,2017-10-31,34.16
CMCSA,2015-10-30,28.7
CMA,2020-10-30,45.97
CMA,2020-09-30,38.63
CMA,2020-07-31,38.24
CMA,2020-04-30,33.98
CMA,2019-10-31,62.02
CMA,2017-10-31,70.67
CMA,2015-10-30,37.68
CAG,2020-10-30,35.44
CAG,2020-09-30,35.78
CAG,2020-07-31,37.32
CAG,2020-04-30,33.32
CAG,2019-10-31,26.61
CAG,2017-10-31,31.82
CAG,2015-10-30,28.09
CXO,2020-10-30,41.93
CXO,2020-09-30,44.56
CXO,2020-07-31,52.86
CXO,2020-04-30,56.87
CXO,2019-10-31,67.39
CXO,2017-10-31,133.39
CXO,2015-10-30,115.21
COP,2020-10-30,28.91
COP,2020-09-30,32.76
COP,2020-07-31,37.31
COP,2020-04-30,41.17
COP,2019-10-31,53.6
COP,2017-10-31,47.72
COP,2015-10-30,47.47
ED,2020-10-30,79.27
ED,2020-09-30,78.58
ED,2020-07-31,76.8
ED,2020-04-30,77.94
ED,2019-10-31,89.71
ED,2017-10-31,77.95
ED,2015-10-30,55.36
STZ,2020-10-30,166.88
STZ,2020-09-30,191.41
STZ,2020-07-31,179.19
STZ,2020-04-30,164.84
STZ,2019-10-31,189.06
STZ,2017-10-31,211.82
STZ,2015-10-30,127.71
COO,2020-10-30,322.24
COO,2020-09-30,340.49
COO,2020-07-31,285.76
COO,2020-04-30,289.54
COO,2019-10-31,293.86
COO,2017-10-31,242.51
COO,2015-10-30,153.68
CPRT,2020-10-30,111.46
CPRT,2020-09-30,106.21
CPRT,2020-07-31,94.18
CPRT,2020-04-30,80.91
CPRT,2019-10-31,83.47
CPRT,2017-10-31,36.65
CPRT,2015-10-30,18.28
GLW,2020-10-30,32.29
GLW,2020-09-30,32.73
GLW,2020-07-31,31.1
GLW,2020-04-30,21.88
GLW,2019-10-31,28.99
GLW,2017-10-31,29.18
GLW,2015-10-30,16.51
CTVA,2020-10-30,33.31
CTVA,2020-09-30,29.1
CTVA,2020-07-31,28.7
CTVA,2020-04-30,26.18
CTVA,2019-10-31,26.11
CTVA,2017-10-31,
CTVA,2015-10-30,
COST,2020-10-30,361.2
COST,2020-09-30,357.86
COST,2020-07-31,328.16
COST,2020-04-30,304.79
COST,2019-10-31,297.56
COST,2017-10-31,157.62
COST,2015-10-30,145.37
CCI,2020-10-30,157.76
CCI,2020-09-30,168.16
CCI,2020-07-31,167.09
CCI,2020-04-30,158.7
CCI,2019-10-31,135.86
CCI,2017-10-31,97.33
CCI,2015-10-30,71.72
CSX,2020-10-30,79.73
CSX,2020-09-30,78.45
CSX,2020-07-31,71.81
CSX,2020-04-30,66.43
CSX,2019-10-31,70.0
CSX,2017-10-31,48.87
CSX,2015-10-30,25.04
CMI,2020-10-30,222.09
CMI,2020-09-30,213.27
CMI,2020-07-31,193.98
CMI,2020-04-30,162.78
CMI,2019-10-31,169.16
CMI,2017-10-31,163.48
CMI,2015-10-30,89.72
CVS,2020-10-30,56.65
CVS,2020-09-30,58.49
CVS,2020-07-31,63.03
CVS,2020-04-30,61.17
CVS,2019-10-31,64.98
CVS,2017-10-31,63.05
CVS,2015-10-30,87.03
DHI,2020-10-30,67.48
DHI,2020-09-30,76.39
DHI,2020-07-31,66.65
DHI,2020-04-30,47.4
DHI,2019-10-31,52.25
DHI,2017-10-31,42.99
DHI,2015-10-30,27.97
DHR,2020-10-30,231.84
DHR,2020-09-30,217.48
DHR,2020-07-31,205.66
DHR,2020-04-30,164.77
DHR,2019-10-31,138.58
DHR,2017-10-31,91.72
DHR,2015-10-30,47.34
DRI,2020-10-30,92.84
DRI,2020-09-30,101.44
DRI,2020-07-31,76.44
DRI,2020-04-30,74.31
DRI,2019-10-31,112.18
DRI,2017-10-31,77.76
DRI,2015-10-30,48.7
DVA,2020-10-30,87.11
DVA,2020-09-30,86.51
DVA,2020-07-31,88.26
DVA,2020-04-30,79.8
DVA,2019-10-31,59.19
DVA,2017-10-31,61.35
DVA,2015-10-30,78.29
DE,2020-10-30,228.17
DE,2020-09-30,223.85
DE,2020-07-31,177.47
DE,2020-04-30,145.27
DE,2019-10-31,172.66
DE,2017-10-31,127.04
DE,2015-10-30,70.85
DAL,2020-10-30,30.95
DAL,2020-09-30,30.89
DAL,2020-07-31,25.22
DAL,2020-04-30,26.17
DAL,2019-10-31,55.25
DAL,2017-10-31,47.37
DAL,2015-10-30,46.54
XRAY,2020-10-30,47.66
XRAY,2020-09-30,44.17
XRAY,2020-07-31,44.94
XRAY,2020-04-30,42.66
XRAY,2019-10-31,54.81
XRAY,2017-10-31,60.21
XRAY,2015-10-30,59.27
DVN,2020-10-30,9.02
DVN,2020-09-30,9.55
DVN,2020-07-31,10.24
DVN,2020-04-30,12.07
DVN,2019-10-31,19.34
DVN,2017-10-31,34.5
DVN,2015-10-30,38.09
DXCM,2020-10-30,322.78
DXCM,2020-09-30,416.35
DXCM,2020-07-31,439.9
DXCM,2020-04-30,338.55
DXCM,2019-10-31,155.78
DXCM,2017-10-31,45.42
DXCM,2015-10-30,84.15
FANG,2020-10-30,26.22
FANG,2020-09-30,30.42
FANG,2020-07-31,39.92
FANG,2020-04-30,43.21
FANG,2019-10-31,84.38
FANG,2017-10-31,104.59
FANG,2015-10-30,72.07
DLR,2020-10-30,145.74
DLR,2020-09-30,148.23
DLR,2020-07-31,160.9
DLR,2020-04-30,148.57
DLR,2019-10-31,124.12
DLR,2017-10-31,107.76
DLR,2015-10-30,61.78
DFS,2020-10-30,65.66
DFS,2020-09-30,58.36
DFS,2020-07-31,49.49
DFS,2020-04-30,42.55
DFS,2019-10-31,78.6
DFS,2017-10-31,62.52
DFS,2015-10-30,50.65
DISCA,2020-10-30,20.44
DISCA,2020-09-30,21.99
DISCA,2020-07-31,21.31
DISCA,2020-04-30,22.64
DISCA,2019-10-31,27.23
DISCA,2017-10-31,19.07
DISCA,2015-10-30,29.73
DISCK,2020-10-30,18.5
DISCK,2020-09-30,19.8
DISCK,2020-07-31,19.14
DISCK,2020-04-30,20.61
DISCK,2019-10-31,25.49
DISCK,2017-10-31,17.99
DISCK,2015-10-30,27.8
DISH,2020-10-30,25.74
DISH,2020-09-30,29.32
DISH,2020-07-31,32.43
DISH,2020-04-30,25.27
DISH,2019-10-31,34.72
DISH,2017-10-31,49.03
DISH,2015-10-30,63.6
DG,2020-10-30,210.8
DG,2020-09-30,211.35
DG,2020-07-31,191.98
DG,2020-04-30,176.42
DG,2019-10-31,160.67
DG,2017-10-31,79.32
DG,2015-10-30,64.77
DLTR,2020-10-30,91.22
DLTR,2020-09-30,92.25
DLTR,2020-07-31,94.28
DLTR,2020-04-30,80.47
DLTR,2019-10-31,111.5
DLTR,2017-10-31,92.16
DLTR,2015-10-30,66.14
D,2020-10-30,81.14
D,2020-09-30,79.72
D,2020-07-31,80.87
D,2020-04-30,76.14
D,2019-10-31,79.71
D,2017-10-31,71.45
D,2015-10-30,58.27
DPZ,2020-10-30,382.1
DPZ,2020-09-30,429.53
DPZ,2020-07-31,389.71
DPZ,2020-04-30,364.08
DPZ,2019-10-31,271.99
DPZ,2017-10-31,179.85
DPZ,2015-10-30,102.69
DOV,2020-10-30,111.82
DOV,2020-09-30,109.42
DOV,2020-07-31,103.49
DOV,2020-04-30,93.69
DOV,2019-10-31,103.02
DOV,2017-10-31,73.29
DOV,2015-10-30,47.12
DOW,2020-10-30,45.94
DOW,2020-09-30,47.52
DOW,2020-07-31,40.84
DOW,2020-04-30,35.85
DOW,2019-10-31,47.92
DOW,2017-10-31,
DOW,2015-10-30,
DTE,2020-10-30,124.65
DTE,2020-09-30,116.19
DTE,2020-07-31,115.78
DTE,2020-04-30,102.87
DTE,2019-10-31,123.84
DTE,2017-10-31,99.94
DTE,2015-10-30,68.66
DUK,2020-10-30,93.03
DUK,2020-09-30,89.45
DUK,2020-07-31,84.61
DUK,2020-04-30,83.56
DUK,2019-10-31,91.14
DUK,2017-10-31,78.23
DUK,2015-10-30,57.37
DRE,2020-10-30,38.37
DRE,2020-09-30,37.27
DRE,2020-07-31,40.35
DRE,2020-04-30,34.58
DRE,2019-10-31,34.56
DRE,2017-10-31,25.67
DRE,2015-10-30,17.36
DD,2020-10-30,57.45
DD,2020-09-30,56.03
DD,2020-07-31,54.01
DD,2020-04-30,46.94
DD,2019-10-31,65.08
DD,2017-10-31,93.27
DD,2015-10-30,61.47
DXC,2020-10-30,18.6
DXC,2020-09-30,18.03
DXC,2020-07-31,18.09
DXC,2020-04-30,18.31
DXC,2019-10-31,27.25
DXC,2017-10-31,76.04
DXC,2015-10-30,22.79
EMN,2020-10-30,81.65
EMN,2020-09-30,78.9
EMN,2020-07-31,74.75
EMN,2020-04-30,60.01
EMN,2019-10-31,73.63
EMN,2017-10-31,83.19
EMN,2015-10-30,62.77
ETN,2020-10-30,104.83
ETN,2020-09-30,103.05
ETN,2020-07-31,93.39
ETN,2020-04-30,82.94
ETN,2019-10-31,85.78
ETN,2017-10-31,43.88
ETN,2015-10-30,28.55
EBAY,2020-10-30,48.11
EBAY,2020-09-30,52.62
EBAY,2020-07-31,55.67
EBAY,2020-04-30,39.97
EBAY,2019-10-31,35.07
EBAY,2017-10-31,37.04
EBAY,2015-10-30,27.45
ECL,2020-10-30,185.43
ECL,2020-09-30,201.84
ECL,2020-07-31,188.52
ECL,2020-04-30,194.54
ECL,2019-10-31,192.1
ECL,2017-10-31,127.89
ECL,2015-10-30,114.66
EIX,2020-10-30,56.6
EIX,2020-09-30,51.35
EIX,2020-07-31,55.54
EIX,2020-04-30,57.89
EIX,2019-10-31,60.79
EIX,2017-10-31,71.66
EIX,2015-10-30,50.96
EW,2020-10-30,72.41
EW,2020-09-30,80.62
EW,2020-07-31,79.19
EW,2020-04-30,73.22
EW,2019-10-31,80.25
EW,2017-10-31,34.42
EW,2015-10-30,26.45
EA,2020-10-30,121.03
EA,2020-09-30,131.71
EA,2020-07-31,143.04
EA,2020-04-30,115.4
EA,2019-10-31,97.36
EA,2017-10-31,120.8
EA,2015-10-30,72.79
EMR,2020-10-30,65.44
EMR,2020-09-30,66.23
EMR,2020-07-31,62.2
EMR,2020-04-30,56.65
EMR,2019-10-31,68.75
EMR,2017-10-31,59.55
EMR,2015-10-30,40.27
ETR,2020-10-30,102.23
ETR,2020-09-30,99.52
ETR,2020-07-31,105.21
ETR,2020-04-30,94.67
ETR,2019-10-31,118.61
ETR,2017-10-31,77.5
ETR,2015-10-30,55.73
EOG,2020-10-30,34.58
EOG,2020-09-30,35.94
EOG,2020-07-31,46.84
EOG,2020-04-30,47.13
EOG,2019-10-31,67.92
EOG,2017-10-31,96.11
EOG,2015-10-30,81.35
EFX,2020-10-30,137.97
EFX,2020-09-30,158.47
EFX,2020-07-31,163.78
EFX,2020-04-30,139.58
EFX,2019-10-31,136.64
EFX,2017-10-31,105.66
EFX,2015-10-30,101.45
EQIX,2020-10-30,738.55
EQIX,2020-09-30,767.73
EQIX,2020-07-31,790.6
EQIX,2020-04-30,676.87
EQIX,2019-10-31,563.35
EQIX,2017-10-31,441.61
EQIX,2015-10-30,271.3
EQR,2020-10-30,47.45
EQR,2020-09-30,51.84
EQR,2020-07-31,53.53
EQR,2020-04-30,64.31
EQR,2019-10-31,86.15
EQR,2017-10-31,61.34
EQR,2015-10-30,56.55
ESS,2020-10-30,206.64
ESS,2020-09-30,202.8
ESS,2020-07-31,220.72
ESS,2020-04-30,241.81
ESS,2019-10-31,319.04
ESS,2017-10-31,241.5
ESS,2015-10-30,191.89
EL,2020-10-30,221.86
EL,2020-09-30,220.43
EL,2020-07-31,199.07
EL,2020-04-30,177.77
EL,2019-10-31,186.78
EL,2017-10-31,109.73
EL,2015-10-30,76.49
ETSY,2020-10-30,122.81
ETSY,2020-09-30,122.85
ETSY,2020-07-31,119.56
ETSY,2020-04-30,65.52
ETSY,2019-10-31,44.93
ETSY,2017-10-31,16.87
ETSY,2015-10-30,11.01
EVRG,2020-10-30,55.75
EVRG,2020-09-30,51.33
EVRG,2020-07-31,64.85
EVRG,2020-04-30,57.94
EVRG,2019-10-31,62.44
EVRG,2017-10-31,49.09
EVRG,2015-10-30,34.29
ES,2020-10-30,88.14
ES,2020-09-30,84.39
ES,2020-07-31,90.35
ES,2020-04-30,80.38
ES,2019-10-31,82.38
ES,2017-10-31,57.92
ES,2015-10-30,44.16
RE,2020-10-30,199.05
RE,2020-09-30,199.52
RE,2020-07-31,219.42
RE,2020-04-30,172.33
RE,2019-10-31,252.73
RE,2017-10-31,222.75
RE,2015-10-30,159.46
EXC,2020-10-30,40.29
EXC,2020-09-30,36.12
EXC,2020-07-31,38.61
EXC,2020-04-30,36.68
EXC,2019-10-31,44.3
EXC,2017-10-31,36.72
EXC,2015-10-30,23.37
EXPE,2020-10-30,95.09
EXPE,2020-09-30,92.61
EXPE,2020-07-31,81.82
EXPE,2020-04-30,71.69
EXPE,2019-10-31,137.03
EXPE,2017-10-31,122.43
EXPE,2015-10-30,131.57
EXPD,2020-10-30,89.25
EXPD,2020-09-30,91.43
EXPD,2020-07-31,85.36
EXPD,2020-04-30,71.83
EXPD,2019-10-31,72.68
EXPD,2017-10-31,56.7
EXPD,2015-10-30,46.87
EXR,2020-10-30,117.11
EXR,2020-09-30,108.06
EXR,2020-07-31,103.52
EXR,2020-04-30,87.56
EXR,2019-10-31,109.39
EXR,2017-10-31,74.13
EXR,2015-10-30,66.83
XOM,2020-10-30,32.95
XOM,2020-09-30,34.67
XOM,2020-07-31,41.68
XOM,2020-04-30,45.15
XOM,2019-10-31,63.95
XOM,2017-10-31,72.49
XOM,2015-10-30,66.99
FFIV,2020-10-30,134.27
FFIV,2020-09-30,124.0
FFIV,2020-07-31,137.26
FFIV,2020-04-30,140.65
FFIV,2019-10-31,145.52
FFIV,2017-10-31,122.48
FFIV,2015-10-30,111.3
FB,2020-10-30,265.74
FB,2020-09-30,264.52
FB,2020-07-31,256.21
FB,2020-04-30,206.76
FB,2019-10-31,193.57
FB,2017-10-31,181.86
FB,2015-10-30,102.99
FAST,2020-10-30,43.66
FAST,2020-09-30,45.29
FAST,2020-07-31,47.25
FAST,2020-04-30,36.18
FAST,2019-10-31,35.4
FAST,2017-10-31,21.9
FAST,2015-10-30,17.25
FRT,2020-10-30,69.47
FRT,2020-09-30,74.17
FRT,2020-07-31,76.06
FRT,2020-04-30,82.02
FRT,2019-10-31,131.54
FRT,2017-10-31,109.34
FRT,2015-10-30,123.16
FDX,2020-10-30,262.06
FDX,2020-09-30,254.04
FDX,2020-07-31,169.6
FDX,2020-04-30,127.06
FDX,2019-10-31,151.6
FDX,2017-10-31,218.92
FDX,2015-10-30,148.7
FIS,2020-10-30,125.84
FIS,2020-09-30,148.68
FIS,2020-07-31,147.43
FIS,2020-04-30,132.56
FIS,2019-10-31,131.74
FIS,2017-10-31,90.55
FIS,2015-10-30,69.15
FITB,2020-10-30,23.45
FITB,2020-09-30,21.26
FITB,2020-07-31,19.81
FITB,2020-04-30,18.37
FITB,2019-10-31,27.92
FITB,2017-10-31,26.16
FITB,2015-10-30,16.39
FE,2020-10-30,30.02
FE,2020-09-30,29.0
FE,2020-07-31,28.9
FE,2020-04-30,40.73
FE,2019-10-31,46.95
FE,2017-10-31,29.54
FE,2015-10-30,25.54
FRC,2020-10-30,127.4
FRC,2020-09-30,109.98
FRC,2020-07-31,113.42
FRC,2020-04-30,104.98
FRC,2019-10-31,106.68
FRC,2017-10-31,96.23
FRC,2015-10-30,53.28
FISV,2020-10-30,96.42
FISV,2020-09-30,104.08
FISV,2020-07-31,100.79
FISV,2020-04-30,104.09
FISV,2019-10-31,107.2
FISV,2017-10-31,65.36
FISV,2015-10-30,48.74
FLT,2020-10-30,223.12
FLT,2020-09-30,240.48
FLT,2020-07-31,261.16
FLT,2020-04-30,243.66
FLT,2019-10-31,297.16
FLT,2017-10-31,166.92
FLT,2015-10-30,146.31
FLIR,2020-10-30,35.04
FLIR,2020-09-30,36.21
FLIR,2020-07-31,41.88
FLIR,2020-04-30,43.47
FLIR,2019-10-31,51.27
FLIR,2017-10-31,45.37
FLIR,2015-10-30,25.05
FLS,2020-10-30,29.41
FLS,2020-09-30,27.56
FLS,2020-07-31,27.96
FLS,2020-04-30,28.06
FLS,2019-10-31,48.05
FLS,2017-10-31,41.89
FLS,2015-10-30,42.63
FMC,2020-10-30,103.77
FMC,2020-09-30,106.97
FMC,2020-07-31,106.67
FMC,2020-04-30,92.01
FMC,2019-10-31,90.69
FMC,2017-10-31,77.64
FMC,2015-10-30,33.19
F,2020-10-30,7.81
F,2020-09-30,6.73
F,2020-07-31,6.68
F,2020-04-30,5.14
F,2019-10-31,8.53
F,2017-10-31,10.62
F,2015-10-30,11.34
FTNT,2020-10-30,111.47
FTNT,2020-09-30,118.99
FTNT,2020-07-31,139.68
FTNT,2020-04-30,108.82
FTNT,2019-10-31,82.38
FTNT,2017-10-31,39.8
FTNT,2015-10-30,34.7
FTV,2020-10-30,62.22
FTV,2020-09-30,64.41
FTV,2020-07-31,59.27
FTV,2020-04-30,53.97
FTV,2019-10-31,58.09
FTV,2017-10-31,60.38
FTV,2015-10-30,
FBHS,2020-10-30,81.68
FBHS,2020-09-30,87.39
FBHS,2020-07-31,77.05
FBHS,2020-04-30,48.37
FBHS,2019-10-31,59.83
FBHS,2017-10-31,63.8
FBHS,2015-10-30,49.14
FOXA,2020-10-30,26.79
FOXA,2020-09-30,28.11
FOXA,2020-07-31,25.82
FOXA,2020-04-30,25.92
FOXA,2019-10-31,31.87
FOXA,2017-10-31,
FOXA,2015-10-30,
FOX,2020-10-30,26.4
FOX,2020-09-30,28.25
FOX,2020-07-31,25.82
FOX,2020-04-30,25.6
FOX,2019-10-31,31.07
FOX,2017-10-31,
FOX,2015-10-30,
BEN,2020-10-30,18.94
BEN,2020-09-30,20.55
BEN,2020-07-31,20.98
BEN,2020-04-30,18.53
BEN,2019-10-31,26.41
BEN,2017-10-31,35.23
BEN,2015-10-30,32.76
FCX,2020-10-30,17.51
FCX,2020-09-30,15.8
FCX,2020-07-31,13.05
FCX,2020-04-30,8.92
FCX,2019-10-31,9.88
FCX,2017-10-31,13.69
FCX,2015-10-30,11.52
GPS,2020-10-30,19.64
GPS,2020-09-30,17.2
GPS,2020-07-31,13.5
GPS,2020-04-30,8.2
GPS,2019-10-31,15.6
GPS,2017-10-31,23.08
GPS,2015-10-30,22.16
GRMN,2020-10-30,105.06
GRMN,2020-09-30,95.81
GRMN,2020-07-31,98.97
GRMN,2020-04-30,80.93
GRMN,2019-10-31,92.21
GRMN,2017-10-31,51.5
GRMN,2015-10-30,28.85
IT,2020-10-30,121.3
IT,2020-09-30,126.2
IT,2020-07-31,125.89
IT,2020-04-30,120.0
IT,2019-10-31,155.62
IT,2017-10-31,126.56
IT,2015-10-30,91.58
GD,2020-10-30,132.64
GD,2020-09-30,138.75
GD,2020-07-31,147.09
GD,2020-04-30,129.96
GD,2019-10-31,173.49
GD,2017-10-31,191.2
GD,2015-10-30,133.98
GE,2020-10-30,7.49
GE,2020-09-30,6.29
GE,2020-07-31,6.12
GE,2020-04-30,6.85
GE,2019-10-31,10.03
GE,2017-10-31,18.62
GE,2015-10-30,24.83
GIS,2020-10-30,59.71
GIS,2020-09-30,61.78
GIS,2020-07-31,63.38
GIS,2020-04-30,59.52
GIS,2019-10-31,49.64
GIS,2017-10-31,46.74
GIS,2015-10-30,49.09
GM,2020-10-30,34.88
GM,2020-09-30,29.89
GM,2020-07-31,25.14
GM,2020-04-30,22.51
GM,2019-10-31,36.68
GM,2017-10-31,39.18
GM,2015-10-30,28.8
GPC,2020-10-30,91.33
GPC,2020-09-30,96.12
GPC,2020-07-31,90.32
GPC,2020-04-30,78.73
GPC,2019-10-31,100.22
GPC,2017-10-31,81.18
GPC,2015-10-30,78.92
GILD,2020-10-30,58.73
GILD,2020-09-30,63.82
GILD,2020-07-31,69.5
GILD,2020-04-30,83.22
GILD,2019-10-31,61.95
GILD,2017-10-31,68.21
GILD,2015-10-30,93.68
GL,2020-10-30,81.9
GL,2020-09-30,80.51
GL,2020-07-31,80.2
GL,2020-04-30,82.76
GL,2019-10-31,97.38
GL,2017-10-31,82.9
GL,2015-10-30,56.19
GPN,2020-10-30,159.32
GPN,2020-09-30,179.36
GPN,2020-07-31,179.59
GPN,2020-04-30,167.32
GPN,2019-10-31,170.11
GPN,2017-10-31,104.45
GPN,2015-10-30,68.44
GS,2020-10-30,190.93
GS,2020-09-30,202.98
GS,2020-07-31,198.74
GS,2020-04-30,182.99
GS,2019-10-31,210.4
GS,2017-10-31,231.66
GS,2015-10-30,174.15
GWW,2020-10-30,353.52
GWW,2020-09-30,360.34
GWW,2020-07-31,343.42
GWW,2020-04-30,275.69
GWW,2019-10-31,306.15
GWW,2017-10-31,188.44
GWW,2015-10-30,190.88
HAL,2020-10-30,12.18
HAL,2020-09-30,12.17
HAL,2020-07-31,14.43
HAL,2020-04-30,10.53
HAL,2019-10-31,18.95
HAL,2017-10-31,39.96
HAL,2015-10-30,34.68
HBI,2020-10-30,16.23
HBI,2020-09-30,15.91
HBI,2020-07-31,14.13
HBI,2020-04-30,9.77
HBI,2019-10-31,14.64
HBI,2017-10-31,20.24
HBI,2015-10-30,27.58
HIG,2020-10-30,38.91
HIG,2020-09-30,37.23
HIG,2020-07-31,42.41
HIG,2020-04-30,37.75
HIG,2019-10-31,56.1
HIG,2017-10-31,51.8
HIG,2015-10-30,41.92
HAS,2020-10-30,83.55
HAS,2020-09-30,82.87
HAS,2020-07-31,72.89
HAS,2020-04-30,71.67
HAS,2019-10-31,95.06
HAS,2017-10-31,85.82
HAS,2015-10-30,67.87
HCA,2020-10-30,125.18
HCA,2020-09-30,125.86
HCA,2020-07-31,127.84
HCA,2020-04-30,110.92
HCA,2019-10-31,133.96
HCA,2017-10-31,74.29
HCA,2015-10-30,67.55
PEAK,2020-10-30,27.24
PEAK,2020-09-30,27.42
PEAK,2020-07-31,27.21
PEAK,2020-04-30,25.66
PEAK,2019-10-31,36.2
PEAK,2017-10-31,22.29
PEAK,2015-10-30,26.14
HSIC,2020-10-30,64.22
HSIC,2020-09-30,59.37
HSIC,2020-07-31,69.42
HSIC,2020-04-30,55.11
HSIC,2019-10-31,63.22
HSIC,2017-10-31,62.27
HSIC,2015-10-30,60.08
HSY,2020-10-30,138.83
HSY,2020-09-30,144.77
HSY,2020-07-31,146.07
HSY,2020-04-30,132.24
HSY,2019-10-31,145.2
HSY,2017-10-31,99.78
HSY,2015-10-30,79.37
HES,2020-10-30,37.59
HES,2020-09-30,41.34
HES,2020-07-31,49.42
HES,2020-04-30,48.59
HES,2019-10-31,64.92
HES,2017-10-31,42.06
HES,2015-10-30,51.41
HPE,2020-10-30,8.73
HPE,2020-09-30,9.46
HPE,2020-07-31,9.85
HPE,2020-04-30,9.93
HPE,2019-10-31,15.9
HPE,2017-10-31,12.79
HPE,2015-10-30,7.58
HLT,2020-10-30,88.69
HLT,2020-09-30,86.17
HLT,2020-07-31,75.8
HLT,2020-04-30,76.47
HLT,2019-10-31,97.64
HLT,2017-10-31,71.72
HLT,2015-10-30,49.72
HFC,2020-10-30,18.7
HFC,2020-09-30,19.91
HFC,2020-07-31,27.39
HFC,2020-04-30,32.54
HFC,2019-10-31,53.32
HFC,2017-10-31,34.11
HFC,2015-10-30,41.42
HOLX,2020-10-30,69.51
HOLX,2020-09-30,67.13
HOLX,2020-07-31,70.48
HOLX,2020-04-30,50.6
HOLX,2019-10-31,48.79
HOLX,2017-10-31,38.23
HOLX,2015-10-30,39.25
HD,2020-10-30,269.38
HD,2020-09-30,280.49
HD,2020-07-31,266.74
HD,2020-04-30,219.55
HD,2019-10-31,231.25
HD,2017-10-31,155.78
HD,2015-10-30,111.27
HON,2020-10-30,166.6
HON,2020-09-30,166.26
HON,2020-07-31,150.02
HON,2020-04-30,141.47
HON,2019-10-31,170.44
HON,2017-10-31,130.91
HON,2015-10-30,89.36
HRL,2020-10-30,49.18
HRL,2020-09-30,49.15
HRL,2020-07-31,51.14
HRL,2020-04-30,46.86
HRL,2019-10-31,40.49
HRL,2017-10-31,29.47
HRL,2015-10-30,30.59
HST,2020-10-30,10.58
HST,2020-09-30,10.9
HST,2020-07-31,10.89
HST,2020-04-30,12.43
HST,2019-10-31,16.05
HST,2017-10-31,17.87
HST,2015-10-30,14.36
HWM,2020-10-30,17.42
HWM,2020-09-30,16.89
HWM,2020-07-31,14.93
HWM,2020-04-30,13.2
HWM,2019-10-31,27.7
HWM,2017-10-31,
HWM,2015-10-30,
HPQ,2020-10-30,18.14
HPQ,2020-09-30,19.18
HPQ,2020-07-31,17.59
HPQ,2020-04-30,15.37
HPQ,2019-10-31,16.91
HPQ,2017-10-31,19.84
HPQ,2015-10-30,10.41
HUM,2020-10-30,403.27
HUM,2020-09-30,418.03
HUM,2020-07-31,395.76
HUM,2020-04-30,384.4
HUM,2019-10-31,295.12
HUM,2017-10-31,252.41
HUM,2015-10-30,174.26
HBAN,2020-10-30,10.54
HBAN,2020-09-30,9.26
HBAN,2020-07-31,9.22
HBAN,2020-04-30,9.06
HBAN,2019-10-31,13.47
HBAN,2017-10-31,12.14
HBAN,2015-10-30,9.16
HII,2020-10-30,148.95
HII,2020-09-30,142.16
HII,2020-07-31,174.28
HII,2020-04-30,191.07
HII,2019-10-31,223.28
HII,2017-10-31,223.98
HII,2015-10-30,112.42
IEX,2020-10-30,172.09
IEX,2020-09-30,183.74
IEX,2020-07-31,166.02
IEX,2020-04-30,153.75
IEX,2019-10-31,155.2
IEX,2017-10-31,124.83
IEX,2015-10-30,72.53
IDXX,2020-10-30,429.07
IDXX,2020-09-30,397.04
IDXX,2020-07-31,401.73
IDXX,2020-04-30,280.38
IDXX,2019-10-31,287.86
IDXX,2017-10-31,167.83
IDXX,2015-10-30,69.31
INFO,2020-10-30,81.68
INFO,2020-09-30,79.12
INFO,2020-07-31,81.37
INFO,2020-04-30,67.68
INFO,2019-10-31,70.09
INFO,2017-10-31,42.65
INFO,2015-10-30,30.53
ITW,2020-10-30,197.84
ITW,2020-09-30,195.14
ITW,2020-07-31,185.75
ITW,2020-04-30,162.13
ITW,2019-10-31,165.95
ITW,2017-10-31,146.44
ITW,2015-10-30,82.45
ILMN,2020-10-30,295.63
ILMN,2020-09-30,312.17
ILMN,2020-07-31,385.98
ILMN,2020-04-30,322.22
ILMN,2019-10-31,298.48
ILMN,2017-10-31,207.24
ILMN,2015-10-30,144.71
INCY,2020-10-30,87.51
INCY,2020-09-30,90.64
INCY,2020-07-31,99.75
INCY,2020-04-30,98.64
INCY,2019-10-31,84.76
INCY,2017-10-31,114.38
INCY,2015-10-30,118.71
IR,2020-10-30,35.29
IR,2020-09-30,35.96
IR,2020-07-31,31.91
IR,2020-04-30,28.87
IR,2019-10-31,30.39
IR,2017-10-31,23.91
IR,2015-10-30,
INTC,2020-10-30,44.72
INTC,2020-09-30,52.3
INTC,2020-07-31,47.88
INTC,2020-04-30,59.83
INTC,2019-10-31,55.81
INTC,2017-10-31,42.72
INTC,2015-10-30,29.91
ICE,2020-10-30,95.34
ICE,2020-09-30,101.05
ICE,2020-07-31,97.45
ICE,2020-04-30,89.79
ICE,2019-10-31,94.04
ICE,2017-10-31,64.07
ICE,2015-10-30,47.43
IBM,2020-10-30,112.78
IBM,2020-09-30,122.89
IBM,2020-07-31,122.56
IBM,2020-04-30,123.52
IBM,2019-10-31,128.67
IBM,2017-10-31,135.57
IBM,2015-10-30,113.3
IP,2020-10-30,44.19
IP,2020-09-30,40.95
IP,2020-07-31,34.64
IP,2020-04-30,33.57
IP,2019-10-31,41.82
IP,2017-10-31,50.6
IP,2015-10-30,34.81
IPG,2020-10-30,18.27
IPG,2020-09-30,16.84
IPG,2020-07-31,17.98
IPG,2020-04-30,16.66
IPG,2019-10-31,20.88
IPG,2017-10-31,17.09
IPG,2015-10-30,19.27
IFF,2020-10-30,103.69
IFF,2020-09-30,123.67
IFF,2020-07-31,126.4
IFF,2020-04-30,130.69
IFF,2019-10-31,120.07
IFF,2017-10-31,138.99
IFF,2015-10-30,105.32
INTU,2020-10-30,317.83
INTU,2020-09-30,328.9
INTU,2020-07-31,308.89
INTU,2020-04-30,271.56
INTU,2019-10-31,258.12
INTU,2017-10-31,148.88
INTU,2015-10-30,93.88
ISRG,2020-10-30,673.75
ISRG,2020-09-30,716.64
ISRG,2020-07-31,692.29
ISRG,2020-04-30,515.99
ISRG,2019-10-31,558.48
ISRG,2017-10-31,379.11
ISRG,2015-10-30,167.19
IVZ,2020-10-30,13.24
IVZ,2020-09-30,11.52
IVZ,2020-07-31,10.0
IVZ,2020-04-30,8.41
IVZ,2019-10-31,15.88
IVZ,2017-10-31,30.02
IVZ,2015-10-30,25.62
IPGP,2020-10-30,187.82
IPGP,2020-09-30,171.67
IPGP,2020-07-31,180.8
IPGP,2020-04-30,130.62
IPGP,2019-10-31,135.62
IPGP,2017-10-31,215.04
IPGP,2015-10-30,83.45
IQV,2020-10-30,155.53
IQV,2020-09-30,159.21
IQV,2020-07-31,159.97
IQV,2020-04-30,144.02
IQV,2019-10-31,145.86
IQV,2017-10-31,109.18
IQV,2015-10-30,64.29
IRM,2020-10-30,26.32
IRM,2020-09-30,27.06
IRM,2020-07-31,27.88
IRM,2020-04-30,23.38
IRM,2019-10-31,30.39
IRM,2017-10-31,32.25
IRM,2015-10-30,21.87
JKHY,2020-10-30,149.73
JKHY,2020-09-30,164.22
JKHY,2020-07-31,179.61
JKHY,2020-04-30,164.36
JKHY,2019-10-31,141.49
JKHY,2017-10-31,107.64
JKHY,2015-10-30,73.67
J,2020-10-30,95.95
J,2020-09-30,93.51
J,2020-07-31,86.03
J,2020-04-30,83.01
J,2019-10-31,93.69
J,2017-10-31,57.27
J,2015-10-30,39.06
JBHT,2020-10-30,122.96
JBHT,2020-09-30,127.64
JBHT,2020-07-31,130.42
JBHT,2020-04-30,101.65
JBHT,2019-10-31,117.63
JBHT,2017-10-31,104.54
JBHT,2015-10-30,73.47
SJM,2020-10-30,113.32
SJM,2020-09-30,116.68
SJM,2020-07-31,109.57
SJM,2020-04-30,114.29
SJM,2019-10-31,103.4
SJM,2017-10-31,97.84
SJM,2015-10-30,103.58
JNJ,2020-10-30,138.48
JNJ,2020-09-30,150.37
JNJ,2020-07-31,146.25
JNJ,2020-04-30,149.5
JNJ,2019-10-31,129.84
JNJ,2017-10-31,129.91
JNJ,2015-10-30,89.12
JCI,2020-10-30,42.63
JCI,2020-09-30,41.26
JCI,2020-07-31,38.62
JCI,2020-04-30,29.0
JCI,2019-10-31,42.53
JCI,2017-10-31,38.39
JCI,2015-10-30,29.49
JPM,2020-10-30,99.02
JPM,2020-09-30,96.33
JPM,2020-07-31,96.71
JPM,2020-04-30,94.9
JPM,2019-10-31,121.75
JPM,2017-10-31,92.96
JPM,2015-10-30,56.06
JNPR,2020-10-30,19.92
JNPR,2020-09-30,21.72
JNPR,2020-07-31,25.42
JNPR,2020-04-30,21.45
JNPR,2019-10-31,24.24
JNPR,2017-10-31,23.02
JNPR,2015-10-30,28.23
KSU,2020-10-30,177.9
KSU,2020-09-30,182.64
KSU,2020-07-31,173.19
KSU,2020-04-30,131.23
KSU,2019-10-31,140.78
KSU,2017-10-31,101.56
KSU,2015-10-30,78.28
K,2020-10-30,63.52
K,2020-09-30,65.24
K,2020-07-31,69.11
K,2020-04-30,65.04
K,2019-10-31,61.95
K,2017-10-31,56.8
K,2015-10-30,60.56
KEY,2020-10-30,13.11
KEY,2020-09-30,12.05
KEY,2020-07-31,11.96
KEY,2020-04-30,11.41
KEY,2019-10-31,17.24
KEY,2017-10-31,16.39
KEY,2015-10-30,10.65
KEYS,2020-10-30,105.92
KEYS,2020-09-30,99.77
KEYS,2020-07-31,100.89
KEYS,2020-04-30,97.74
KEYS,2019-10-31,101.92
KEYS,2017-10-31,45.12
KEYS,2015-10-30,33.41
KMB,2020-10-30,133.92
KMB,2020-09-30,149.14
KMB,2020-07-31,152.51
KMB,2020-04-30,137.85
KMB,2019-10-31,130.35
KMB,2017-10-31,103.07
KMB,2015-10-30,103.33
KIM,2020-10-30,10.36
KIM,2020-09-30,11.37
KIM,2020-07-31,11.17
KIM,2020-04-30,10.93
KIM,2019-10-31,20.69
KIM,2017-10-31,15.28
KIM,2015-10-30,20.16
KMI,2020-10-30,12.02
KMI,2020-09-30,12.18
KMI,2020-07-31,13.93
KMI,2020-04-30,14.51
KMI,2019-10-31,18.82
KMI,2017-10-31,15.58
KMI,2015-10-30,22.32
KLAC,2020-10-30,199.15
KLAC,2020-09-30,195.68
KLAC,2020-07-31,200.96
KLAC,2020-04-30,164.23
KLAC,2019-10-31,167.54
KLAC,2017-10-31,102.42
KLAC,2015-10-30,59.66
KHC,2020-10-30,30.9
KHC,2020-09-30,30.25
KHC,2020-07-31,34.33
KHC,2020-04-30,29.9
KHC,2019-10-31,30.96
KHC,2017-10-31,67.5
KHC,2015-10-30,63.78
KR,2020-10-30,32.53
KR,2020-09-30,34.25
KR,2020-07-31,34.96
KR,2020-04-30,31.61
KR,2019-10-31,24.36
KR,2017-10-31,19.62
KR,2015-10-30,34.81
LB,2020-10-30,32.33
LB,2020-09-30,32.13
LB,2020-07-31,24.65
LB,2020-04-30,12.01
LB,2019-10-31,16.68
LB,2017-10-31,37.34
LB,2015-10-30,75.33
LHX,2020-10-30,162.72
LHX,2020-09-30,171.54
LHX,2020-07-31,169.22
LHX,2020-04-30,193.89
LHX,2019-10-31,204.83
LHX,2017-10-31,133.97
LHX,2015-10-30,72.82
LH,2020-10-30,201.77
LH,2020-09-30,190.15
LH,2020-07-31,194.85
LH,2020-04-30,166.09
LH,2019-10-31,166.42
LH,2017-10-31,155.25
LH,2015-10-30,123.97
LRCX,2020-10-30,345.5
LRCX,2020-09-30,335.07
LRCX,2020-07-31,379.46
LRCX,2020-04-30,255.82
LRCX,2019-10-31,268.84
LRCX,2017-10-31,198.5
LRCX,2015-10-30,70.84
LW,2020-10-30,64.08
LW,2020-09-30,66.93
LW,2020-07-31,60.46
LW,2020-04-30,61.51
LW,2019-10-31,78.03
LW,2017-10-31,49.66
LW,2015-10-30,
LVS,2020-10-30,48.54
LVS,2020-09-30,47.13
LVS,2020-07-31,44.08
LVS,2020-04-30,48.5
LVS,2019-10-31,60.55
LVS,2017-10-31,56.43
LVS,2015-10-30,39.68
LEG,2020-10-30,42.15
LEG,2020-09-30,41.58
LEG,2020-07-31,40.13
LEG,2020-04-30,34.74
LEG,2019-10-31,49.75
LEG,2017-10-31,42.66
LEG,2015-10-30,38.42
LDOS,2020-10-30,83.83
LDOS,2020-09-30,90.04
LDOS,2020-07-31,95.74
LDOS,2020-04-30,99.07
LDOS,2019-10-31,85.8
LDOS,2017-10-31,59.89
LDOS,2015-10-30,35.24
LEN,2020-10-30,70.93
LEN,2020-09-30,82.24
LEN,2020-07-31,72.85
LEN,2020-04-30,50.32
LEN,2019-10-31,59.61
LEN,2017-10-31,54.42
LEN,2015-10-30,48.61
LLY,2020-10-30,131.76
LLY,2020-09-30,149.5
LLY,2020-07-31,151.06
LLY,2020-04-30,154.7
LLY,2019-10-31,112.76
LLY,2017-10-31,77.31
LLY,2015-10-30,72.56
LNC,2020-10-30,35.45
LNC,2020-09-30,30.94
LNC,2020-07-31,36.79
LNC,2020-04-30,34.62
LNC,2019-10-31,54.09
LNC,2017-10-31,69.43
LNC,2015-10-30,46.65
LIN,2020-10-30,222.54
LIN,2020-09-30,240.51
LIN,2020-07-31,246.63
LIN,2020-04-30,184.26
LIN,2019-10-31,196.88
LIN,2017-10-31,139.25
LIN,2015-10-30,100.57
LYV,2020-10-30,49.29
LYV,2020-09-30,54.42
LYV,2020-07-31,47.28
LYV,2020-04-30,45.32
LYV,2019-10-31,71.2
LYV,2017-10-31,44.22
LYV,2015-10-30,27.55
LKQ,2020-10-30,32.31
LKQ,2020-09-30,28.01
LKQ,2020-07-31,28.47
LKQ,2020-04-30,26.41
LKQ,2019-10-31,34.33
LKQ,2017-10-31,38.07
LKQ,2015-10-30,29.91
LMT,2020-10-30,353.63
LMT,2020-09-30,387.11
LMT,2020-07-31,380.44
LMT,2020-04-30,388.21
LMT,2019-10-31,371.25
LMT,2017-10-31,288.61
LMT,2015-10-30,194.94
L,2020-10-30,35.03
L,2020-09-30,35.1
L,2020-07-31,36.71
L,2020-04-30,34.88
L,2019-10-31,49.19
L,2017-10-31,49.2
L,2015-10-30,35.8
LOW,2020-10-30,159.68
LOW,2020-09-30,166.94
LOW,2020-07-31,149.88
LOW,2020-04-30,105.03
LOW,2019-10-31,110.77
LOW,2017-10-31,76.39
LOW,2015-10-30,68.0
LUMN,2020-10-30,8.71
LUMN,2020-09-30,10.19
LUMN,2020-07-31,
LUMN,2020-04-30,10.73
LUMN,2019-10-31,
LUMN,2017-10-31,
LUMN,2015-10-30,
LYB,2020-10-30,69.13
LYB,2020-09-30,71.19
LYB,2020-07-31,62.19
LYB,2020-04-30,56.82
LYB,2019-10-31,85.69
LYB,2017-10-31,74.97
LYB,2015-10-30,62.09
MTB,2020-10-30,104.62
MTB,2020-09-30,93.01
MTB,2020-07-31,105.9
MTB,2020-04-30,110.9
MTB,2019-10-31,152.69
MTB,2017-10-31,155.76
MTB,2015-10-30,107.81
MRO,2020-10-30,4.0
MRO,2020-09-30,4.13
MRO,2020-07-31,5.54
MRO,2020-04-30,6.18
MRO,2019-10-31,11.54
MRO,2017-10-31,13.89
MRO,2015-10-30,17.4
MPC,2020-10-30,29.8
MPC,2020-09-30,29.63
MPC,2020-07-31,38.01
MPC,2020-04-30,31.38
MPC,2019-10-31,61.44
MPC,2017-10-31,53.95
MPC,2015-10-30,43.87
MKTX,2020-10-30,544.24
MKTX,2020-09-30,486.41
MKTX,2020-07-31,521.25
MKTX,2020-04-30,458.48
MKTX,2019-10-31,370.22
MKTX,2017-10-31,172.01
MKTX,2015-10-30,98.67
MAR,2020-10-30,93.81
MAR,2020-09-30,93.51
MAR,2020-07-31,84.67
MAR,2020-04-30,91.85
MAR,2019-10-31,126.86
MAR,2017-10-31,116.77
MAR,2015-10-30,72.84
MMC,2020-10-30,104.49
MMC,2020-09-30,115.37
MMC,2020-07-31,117.29
MMC,2020-04-30,97.51
MMC,2019-10-31,102.86
MMC,2017-10-31,77.37
MMC,2015-10-30,50.68
MLM,2020-10-30,269.01
MLM,2020-09-30,237.71
MLM,2020-07-31,208.68
MLM,2020-04-30,191.07
MLM,2019-10-31,261.91
MLM,2017-10-31,212.97
MLM,2015-10-30,149.75
MAS,2020-10-30,54.14
MAS,2020-09-30,55.54
MAS,2020-07-31,57.59
MAS,2020-04-30,41.24
MAS,2019-10-31,46.18
MAS,2017-10-31,38.8
MAS,2015-10-30,27.59
MA,2020-10-30,291.53
MA,2020-09-30,341.16
MA,2020-07-31,311.25
MA,2020-04-30,277.02
MA,2019-10-31,278.08
MA,2017-10-31,147.82
MA,2015-10-30,96.85
MKC,2020-10-30,182.32
MKC,2020-09-30,195.41
MKC,2020-07-31,196.21
MKC,2020-04-30,157.36
MKC,2019-10-31,159.96
MKC,2017-10-31,95.86
MKC,2015-10-30,77.93
MXIM,2020-10-30,70.35
MXIM,2020-09-30,68.29
MXIM,2020-07-31,68.31
MXIM,2020-04-30,54.7
MXIM,2019-10-31,57.39
MXIM,2017-10-31,48.27
MXIM,2015-10-30,35.32
MCD,2020-10-30,215.13
MCD,2020-09-30,221.68
MCD,2020-07-31,195.08
MCD,2020-04-30,187.08
MCD,2019-10-31,193.74
MCD,2017-10-31,156.63
MCD,2015-10-30,99.43
MCK,2020-10-30,148.96
MCK,2020-09-30,150.42
MCK,2020-07-31,151.25
MCK,2020-04-30,141.9
MCK,2019-10-31,132.87
MCK,2017-10-31,134.72
MCK,2015-10-30,172.26
MDT,2020-10-30,101.58
MDT,2020-09-30,104.96
MDT,2020-07-31,96.9
MDT,2020-04-30,97.41
MDT,2019-10-31,107.46
MDT,2017-10-31,76.04
MDT,2015-10-30,66.92
MRK,2020-10-30,75.96
MRK,2020-09-30,83.78
MRK,2020-07-31,80.46
MRK,2020-04-30,78.93
MRK,2019-10-31,84.92
MRK,2017-10-31,50.9
MRK,2015-10-30,47.47
MET,2020-10-30,37.76
MET,2020-09-30,37.09
MET,2020-07-31,37.31
MET,2020-04-30,35.07
MET,2019-10-31,44.65
MET,2017-10-31,47.6
MET,2015-10-30,37.36
MTD,2020-10-30,1007.89
MTD,2020-09-30,975.41
MTD,2020-07-31,944.35
MTD,2020-04-30,727.14
MTD,2019-10-31,711.99
MTD,2017-10-31,689.46
MTD,2015-10-30,314.1
MGM,2020-10-30,20.78
MGM,2020-09-30,21.97
MGM,2020-07-31,16.25
MGM,2020-04-30,17.0
MGM,2019-10-31,28.45
MGM,2017-10-31,30.26
MGM,2015-10-30,22.14
MCHP,2020-10-30,106.13
MCHP,2020-09-30,103.79
MCHP,2020-07-31,102.39
MCHP,2020-04-30,87.94
MCHP,2019-10-31,93.82
MCHP,2017-10-31,91.16
MCHP,2015-10-30,44.22
MU,2020-10-30,50.84
MU,2020-09-30,47.43
MU,2020-07-31,50.56
MU,2020-04-30,48.37
MU,2019-10-31,48.03
MU,2017-10-31,44.75
MU,2015-10-30,16.73
MSFT,2020-10-30,204.49
MSFT,2020-09-30,212.43
MSFT,2020-07-31,206.57
MSFT,2020-04-30,180.06
MSFT,2019-10-31,143.18
MSFT,2017-10-31,80.34
MSFT,2015-10-30,48.32
MAA,2020-10-30,117.8
MAA,2020-09-30,116.17
MAA,2020-07-31,119.41
MAA,2020-04-30,111.13
MAA,2019-10-31,135.74
MAA,2017-10-31,92.96
MAA,2015-10-30,72.24
MHK,2020-10-30,104.22
MHK,2020-09-30,98.57
MHK,2020-07-31,80.65
MHK,2020-04-30,88.6
MHK,2019-10-31,144.81
MHK,2017-10-31,264.38
MHK,2015-10-30,197.46
TAP,2020-10-30,35.61
TAP,2020-09-30,33.9
TAP,2020-07-31,37.9
TAP,2020-04-30,41.42
TAP,2019-10-31,52.05
TAP,2017-10-31,75.57
TAP,2015-10-30,79.54
MDLZ,2020-10-30,53.65
MDLZ,2020-09-30,58.02
MDLZ,2020-07-31,55.73
MDLZ,2020-04-30,51.37
MDLZ,2019-10-31,51.8
MDLZ,2017-10-31,39.18
MDLZ,2015-10-30,42.15
MNST,2020-10-30,77.34
MNST,2020-09-30,81.0
MNST,2020-07-31,79.26
MNST,2020-04-30,62.43
MNST,2019-10-31,56.69
MNST,2017-10-31,58.51
MNST,2015-10-30,45.89
MCO,2020-10-30,265.53
MCO,2020-09-30,292.75
MCO,2020-07-31,283.56
MCO,2020-04-30,245.33
MCO,2019-10-31,221.03
MCO,2017-10-31,139.63
MCO,2015-10-30,91.28
MS,2020-10-30,48.63
MS,2020-09-30,48.47
MS,2020-07-31,49.01
MS,2020-04-30,39.26
MS,2019-10-31,45.16
MS,2017-10-31,46.61
MS,2015-10-30,29.43
MOS,2020-10-30,18.68
MOS,2020-09-30,18.45
MOS,2020-07-31,13.56
MOS,2020-04-30,11.54
MOS,2019-10-31,19.84
MOS,2017-10-31,22.05
MOS,2015-10-30,31.02
MSI,2020-10-30,159.64
MSI,2020-09-30,158.38
MSI,2020-07-31,140.61
MSI,2020-04-30,143.97
MSI,2019-10-31,165.19
MSI,2017-10-31,86.87
MSI,2015-10-30,64.15
MSCI,2020-10-30,353.34
MSCI,2020-09-30,360.35
MSCI,2020-07-31,378.9
MSCI,2020-04-30,328.88
MSCI,2019-10-31,234.78
MSCI,2017-10-31,114.65
MSCI,2015-10-30,63.8
MYL,2020-10-30,14.69
MYL,2020-09-30,14.98
MYL,2020-07-31,16.27
MYL,2020-04-30,16.94
MYL,2019-10-31,19.34
MYL,2017-10-31,36.07
MYL,2015-10-30,44.53
NDAQ,2020-10-30,122.2
NDAQ,2020-09-30,123.94
NDAQ,2020-07-31,132.12
NDAQ,2020-04-30,109.9
NDAQ,2019-10-31,99.05
NDAQ,2017-10-31,69.39
NDAQ,2015-10-30,53.26
NOV,2020-10-30,8.48
NOV,2020-09-30,9.15
NOV,2020-07-31,11.63
NOV,2020-04-30,12.77
NOV,2019-10-31,22.68
NOV,2017-10-31,33.85
NOV,2015-10-30,35.96
NTAP,2020-10-30,44.33
NTAP,2020-09-30,43.8
NTAP,2020-07-31,44.26
NTAP,2020-04-30,43.25
NTAP,2019-10-31,54.14
NTAP,2017-10-31,41.1
NTAP,2015-10-30,30.04
NFLX,2020-10-30,480.5
NFLX,2020-09-30,505.03
NFLX,2020-07-31,493.77
NFLX,2020-04-30,424.05
NFLX,2019-10-31,290.28
NFLX,2017-10-31,198.39
NFLX,2015-10-30,109.46
NWL,2020-10-30,17.84
NWL,2020-09-30,17.33
NWL,2020-07-31,16.33
NWL,2020-04-30,13.59
NWL,2019-10-31,18.11
NWL,2017-10-31,35.58
NWL,2015-10-30,35.78
NEM,2020-10-30,63.47
NEM,2020-09-30,64.08
NEM,2020-07-31,69.63
NEM,2020-04-30,59.59
NEM,2019-10-31,39.55
NEM,2017-10-31,33.94
NEM,2015-10-30,18.08
NWSA,2020-10-30,13.26
NWSA,2020-09-30,14.16
NWSA,2020-07-31,12.77
NWSA,2020-04-30,9.95
NWSA,2019-10-31,13.62
NWSA,2017-10-31,13.19
NWSA,2015-10-30,14.39
NWS,2020-10-30,13.15
NWS,2020-09-30,14.12
NWS,2020-07-31,12.81
NWS,2020-04-30,10.25
NWS,2019-10-31,14.03
NWS,2017-10-31,13.43
NWS,2015-10-30,14.5
NEE,2020-10-30,73.94
NEE,2020-09-30,70.08
NEE,2020-07-31,70.52
NEE,2020-04-30,57.75
NEE,2019-10-31,58.92
NEE,2017-10-31,36.41
NEE,2015-10-30,21.36
NLSN,2020-10-30,13.65
NLSN,2020-09-30,14.32
NLSN,2020-07-31,14.51
NLSN,2020-04-30,14.76
NLSN,2019-10-31,20.08
NLSN,2017-10-31,32.91
NLSN,2015-10-30,39.94
NKE,2020-10-30,121.28
NKE,2020-09-30,126.8
NKE,2020-07-31,98.36
NKE,2020-04-30,87.64
NKE,2019-10-31,89.54
NKE,2017-10-31,53.76
NKE,2015-10-30,62.2
NI,2020-10-30,23.2
NI,2020-09-30,22.02
NI,2020-07-31,24.47
NI,2020-04-30,24.92
NI,2019-10-31,27.41
NI,2017-10-31,24.27
NI,2015-10-30,16.66
NSC,2020-10-30,211.21
NSC,2020-09-30,216.13
NSC,2020-07-31,193.18
NSC,2020-04-30,171.01
NSC,2019-10-31,181.1
NSC,2017-10-31,125.19
NSC,2015-10-30,72.39
NTRS,2020-10-30,79.05
NTRS,2020-09-30,78.75
NTRS,2020-07-31,78.45
NTRS,2020-04-30,78.63
NTRS,2019-10-31,97.4
NTRS,2017-10-31,87.44
NTRS,2015-10-30,63.3
NOC,2020-10-30,292.72
NOC,2020-09-30,318.64
NOC,2020-07-31,326.9
NOC,2020-04-30,331.18
NOC,2019-10-31,350.43
NOC,2017-10-31,284.88
NOC,2015-10-30,175.33
NLOK,2020-10-30,20.78
NLOK,2020-09-30,21.05
NLOK,2020-07-31,21.54
NLOK,2020-04-30,21.24
NLOK,2019-10-31,13.06
NLOK,2017-10-31,18.06
NLOK,2015-10-30,8.91
NCLH,2020-10-30,16.8
NCLH,2020-09-30,17.28
NCLH,2020-07-31,13.78
NCLH,2020-04-30,16.56
NCLH,2019-10-31,51.27
NCLH,2017-10-31,56.31
NCLH,2015-10-30,64.26
NRG,2020-10-30,31.94
NRG,2020-09-30,30.75
NRG,2020-07-31,33.82
NRG,2020-04-30,33.25
NRG,2019-10-31,39.12
NRG,2017-10-31,24.2
NRG,2015-10-30,12.14
NUE,2020-10-30,48.24
NUE,2020-09-30,45.31
NUE,2020-07-31,42.0
NUE,2020-04-30,40.83
NUE,2019-10-31,52.36
NUE,2017-10-31,53.28
NUE,2015-10-30,36.73
NVDA,2020-10-30,506.37
NVDA,2020-09-30,546.63
NVDA,2020-07-31,428.7
NVDA,2020-04-30,294.98
NVDA,2019-10-31,202.61
NVDA,2017-10-31,207.06
NVDA,2015-10-30,27.94
NVR,2020-10-30,3992.62
NVR,2020-09-30,4123.95
NVR,2020-07-31,3969.45
NVR,2020-04-30,3131.0
NVR,2019-10-31,3672.96
NVR,2017-10-31,3314.18
NVR,2015-10-30,1654.14
ORLY,2020-10-30,440.97
ORLY,2020-09-30,465.69
ORLY,2020-07-31,482.15
ORLY,2020-04-30,390.2
ORLY,2019-10-31,439.87
ORLY,2017-10-31,213.06
ORLY,2015-10-30,279.02
OXY,2020-10-30,9.22
OXY,2020-09-30,10.11
OXY,2020-07-31,15.88
OXY,2020-04-30,16.74
OXY,2019-10-31,38.83
OXY,2017-10-31,56.08
OXY,2015-10-30,59.13
ODFL,2020-10-30,192.27
ODFL,2020-09-30,182.73
ODFL,2020-07-31,184.51
ODFL,2020-04-30,146.5
ODFL,2019-10-31,122.15
ODFL,2017-10-31,80.5
ODFL,2015-10-30,41.04
OMC,2020-10-30,47.67
OMC,2020-09-30,50.0
OMC,2020-07-31,53.61
OMC,2020-04-30,56.27
OMC,2019-10-31,74.79
OMC,2017-10-31,60.92
OMC,2015-10-30,64.42
OKE,2020-10-30,29.29
OKE,2020-09-30,25.43
OKE,2020-07-31,27.32
OKE,2020-04-30,28.36
OKE,2019-10-31,62.43
OKE,2017-10-31,43.7
OKE,2015-10-30,24.57
ORCL,2020-10-30,56.67
ORCL,2020-09-30,60.05
ORCL,2020-07-31,55.78
ORCL,2020-04-30,53.06
ORCL,2019-10-31,54.09
ORCL,2017-10-31,48.88
ORCL,2015-10-30,36.16
OTIS,2020-10-30,61.89
OTIS,2020-09-30,63.04
OTIS,2020-07-31,63.17
OTIS,2020-04-30,51.07
OTIS,2019-10-31,
OTIS,2017-10-31,
OTIS,2015-10-30,
PCAR,2020-10-30,86.23
PCAR,2020-09-30,86.13
PCAR,2020-07-31,85.62
PCAR,2020-04-30,69.35
PCAR,2019-10-31,73.46
PCAR,2017-10-31,63.51
PCAR,2015-10-30,43.39
PKG,2020-10-30,115.63
PKG,2020-09-30,110.14
PKG,2020-07-31,96.34
PKG,2020-04-30,96.1
PKG,2019-10-31,107.07
PKG,2017-10-31,107.52
PKG,2015-10-30,59.59
PH,2020-10-30,210.44
PH,2020-09-30,204.36
PH,2020-07-31,179.95
PH,2020-04-30,158.12
PH,2019-10-31,181.91
PH,2017-10-31,174.67
PH,2015-10-30,96.14
PAYX,2020-10-30,83.07
PAYX,2020-09-30,79.96
PAYX,2020-07-31,72.09
PAYX,2020-04-30,67.42
PAYX,2019-10-31,81.71
PAYX,2017-10-31,58.51
PAYX,2015-10-30,44.35
PAYC,2020-10-30,367.73
PAYC,2020-09-30,314.41
PAYC,2020-07-31,287.21
PAYC,2020-04-30,263.63
PAYC,2019-10-31,213.65
PAYC,2017-10-31,83.02
PAYC,2015-10-30,38.39
PYPL,2020-10-30,187.99
PYPL,2020-09-30,199.0
PYPL,2020-07-31,198.03
PYPL,2020-04-30,124.23
PYPL,2019-10-31,105.14
PYPL,2017-10-31,73.29
PYPL,2015-10-30,36.37
PNR,2020-10-30,50.26
PNR,2020-09-30,46.06
PNR,2020-07-31,43.12
PNR,2020-04-30,34.65
PNR,2019-10-31,41.12
PNR,2017-10-31,45.23
PNR,2015-10-30,34.29
PBCT,2020-10-30,10.78
PBCT,2020-09-30,10.24
PBCT,2020-07-31,10.72
PBCT,2020-04-30,12.4
PBCT,2019-10-31,15.41
PBCT,2017-10-31,16.4
PBCT,2015-10-30,12.92
PEP,2020-10-30,134.62
PEP,2020-09-30,139.99
PEP,2020-07-31,138.05
PEP,2020-04-30,131.63
PEP,2019-10-31,134.63
PEP,2017-10-31,101.71
PEP,2015-10-30,89.09
PKI,2020-10-30,130.85
PKI,2020-09-30,126.69
PKI,2020-07-31,120.03
PKI,2020-04-30,91.32
PKI,2019-10-31,86.58
PKI,2017-10-31,72.36
PKI,2015-10-30,51.09
PRGO,2020-10-30,44.31
PRGO,2020-09-30,46.37
PRGO,2020-07-31,53.32
PRGO,2020-04-30,53.39
PRGO,2019-10-31,52.68
PRGO,2017-10-31,78.46
PRGO,2015-10-30,150.58
PFE,2020-10-30,35.83
PFE,2020-09-30,37.07
PFE,2020-07-31,38.86
PFE,2020-04-30,37.99
PFE,2019-10-31,37.26
PFE,2017-10-31,31.7
PFE,2015-10-30,28.38
PM,2020-10-30,71.73
PM,2020-09-30,75.74
PM,2020-07-31,76.37
PM,2020-04-30,73.01
PM,2019-10-31,77.23
PM,2017-10-31,89.07
PM,2015-10-30,68.65
PSX,2020-10-30,47.13
PSX,2020-09-30,52.36
PSX,2020-07-31,61.75
PSX,2020-04-30,71.94
PSX,2019-10-31,112.86
PSX,2017-10-31,82.47
PSX,2015-10-30,75.76
PNW,2020-10-30,82.39
PNW,2020-09-30,74.55
PNW,2020-07-31,83.07
PNW,2020-04-30,75.48
PNW,2019-10-31,90.78
PNW,2017-10-31,79.73
PNW,2015-10-30,53.99
PXD,2020-10-30,80.36
PXD,2020-09-30,86.85
PXD,2020-07-31,97.28
PXD,2020-04-30,89.12
PXD,2019-10-31,121.42
PXD,2017-10-31,146.62
PXD,2015-10-30,134.21
PNC,2020-10-30,113.0
PNC,2020-09-30,109.85
PNC,2020-07-31,106.61
PNC,2020-04-30,105.43
PNC,2019-10-31,142.25
PNC,2017-10-31,125.44
PNC,2015-10-30,79.07
POOL,2020-10-30,353.33
POOL,2020-09-30,337.89
POOL,2020-07-31,319.28
POOL,2020-04-30,212.82
POOL,2019-10-31,207.44
POOL,2017-10-31,118.04
POOL,2015-10-30,77.7
PPG,2020-10-30,131.02
PPG,2020-09-30,123.3
PPG,2020-07-31,108.2
PPG,2020-04-30,90.78
PPG,2019-10-31,124.03
PPG,2017-10-31,111.4
PPG,2015-10-30,96.87
PPL,2020-10-30,27.78
PPL,2020-09-30,27.48
PPL,2020-07-31,26.49
PPL,2020-04-30,24.96
PPL,2019-10-31,32.06
PPL,2017-10-31,32.23
PPL,2015-10-30,27.12
PFG,2020-10-30,39.61
PFG,2020-09-30,40.67
PFG,2020-07-31,42.31
PFG,2020-04-30,35.81
PFG,2019-10-31,51.36
PFG,2017-10-31,58.72
PFG,2015-10-30,41.97
PG,2020-10-30,138.47
PG,2020-09-30,139.6
PG,2020-07-31,131.7
PG,2020-04-30,117.64
PG,2019-10-31,122.73
PG,2017-10-31,79.95
PG,2015-10-30,66.41
PGR,2020-10-30,92.82
PGR,2020-09-30,95.52
PGR,2020-07-31,91.15
PGR,2020-04-30,77.89
PGR,2019-10-31,67.96
PGR,2017-10-31,44.54
PGR,2015-10-30,28.94
PLD,2020-10-30,100.19
PLD,2020-09-30,101.63
PLD,2020-07-31,105.87
PLD,2020-04-30,89.06
PLD,2019-10-31,86.34
PLD,2017-10-31,60.04
PLD,2015-10-30,37.13
PRU,2020-10-30,64.66
PRU,2020-09-30,64.16
PRU,2020-07-31,62.96
PRU,2020-04-30,60.78
PRU,2019-10-31,86.87
PRU,2017-10-31,97.56
PRU,2015-10-30,68.26
PEG,2020-10-30,58.73
PEG,2020-09-30,55.46
PEG,2020-07-31,55.97
PEG,2020-04-30,50.28
PEG,2019-10-31,61.7
PEG,2017-10-31,44.85
PEG,2015-10-30,34.87
PSA,2020-10-30,231.36
PSA,2020-09-30,224.95
PSA,2020-07-31,200.05
PSA,2020-04-30,183.71
PSA,2019-10-31,216.49
PSA,2017-10-31,187.12
PSA,2015-10-30,193.78
PHM,2020-10-30,41.17
PHM,2020-09-30,46.75
PHM,2020-07-31,43.91
PHM,2020-04-30,28.38
PHM,2019-10-31,39.15
PHM,2017-10-31,29.36
PHM,2015-10-30,17.18
PVH,2020-10-30,58.87
PVH,2020-09-30,60.24
PVH,2020-07-31,49.15
PVH,2020-04-30,49.72
PVH,2019-10-31,87.9
PVH,2017-10-31,127.55
PVH,2015-10-30,91.19
QRVO,2020-10-30,128.63
QRVO,2020-09-30,130.3
QRVO,2020-07-31,129.43
QRVO,2020-04-30,99.01
QRVO,2019-10-31,81.67
QRVO,2017-10-31,76.57
QRVO,2015-10-30,44.37
PWR,2020-10-30,63.05
PWR,2020-09-30,53.39
PWR,2020-07-31,40.33
PWR,2020-04-30,36.64
PWR,2019-10-31,42.26
PWR,2017-10-31,37.74
PWR,2015-10-30,20.12
QCOM,2020-10-30,124.59
QCOM,2020-09-30,118.86
QCOM,2020-07-31,106.1
QCOM,2020-04-30,78.43
QCOM,2019-10-31,78.94
QCOM,2017-10-31,46.41
QCOM,2015-10-30,50.15
DGX,2020-10-30,123.36
DGX,2020-09-30,115.07
DGX,2020-07-31,127.71
DGX,2020-04-30,110.14
DGX,2019-10-31,100.01
DGX,2017-10-31,88.34
DGX,2015-10-30,61.55
RL,2020-10-30,67.52
RL,2020-09-30,68.65
RL,2020-07-31,72.01
RL,2020-04-30,74.52
RL,2019-10-31,95.52
RL,2017-10-31,85.14
RL,2015-10-30,100.85
RJF,2020-10-30,77.2
RJF,2020-09-30,73.49
RJF,2020-07-31,69.81
RJF,2020-04-30,65.88
RJF,2019-10-31,82.62
RJF,2017-10-31,81.48
RJF,2015-10-30,51.57
RTX,2020-10-30,54.86
RTX,2020-09-30,58.12
RTX,2020-07-31,56.82
RTX,2020-04-30,64.41
RTX,2019-10-31,88.92
RTX,2017-10-31,70.87
RTX,2015-10-30,55.39
O,2020-10-30,58.44
O,2020-09-30,61.12
O,2020-07-31,59.95
O,2020-04-30,54.18
O,2019-10-31,79.02
O,2017-10-31,47.55
O,2015-10-30,40.32
REG,2020-10-30,35.95
REG,2020-09-30,38.4
REG,2020-07-31,40.87
REG,2020-04-30,43.04
REG,2019-10-31,64.7
REG,2017-10-31,55.15
REG,2015-10-30,57.41
REGN,2020-10-30,549.0
REGN,2020-09-30,565.38
REGN,2020-07-31,638.39
REGN,2020-04-30,531.14
REGN,2019-10-31,309.34
REGN,2017-10-31,406.65
REGN,2015-10-30,562.96
RF,2020-10-30,13.43
RF,2020-09-30,11.65
RF,2020-07-31,10.83
RF,2020-04-30,10.58
RF,2019-10-31,15.53
RF,2017-10-31,14.06
RF,2015-10-30,8.1
RSG,2020-10-30,89.05
RSG,2020-09-30,94.28
RSG,2020-07-31,87.73
RSG,2020-04-30,78.38
RSG,2019-10-31,86.69
RSG,2017-10-31,61.96
RSG,2015-10-30,39.5
RMD,2020-10-30,193.86
RMD,2020-09-30,173.14
RMD,2020-07-31,204.1
RMD,2020-04-30,156.18
RMD,2019-10-31,148.0
RMD,2017-10-31,81.85
RMD,2015-10-30,53.79
RHI,2020-10-30,51.2
RHI,2020-09-30,53.47
RHI,2020-07-31,51.07
RHI,2020-04-30,47.12
RHI,2019-10-31,56.45
RHI,2017-10-31,49.14
RHI,2015-10-30,47.95
ROK,2020-10-30,239.49
ROK,2020-09-30,222.89
ROK,2020-07-31,219.36
ROK,2020-04-30,189.53
ROK,2019-10-31,170.17
ROK,2017-10-31,190.49
ROK,2015-10-30,98.74
ROL,2020-10-30,58.43
ROL,2020-09-30,54.73
ROL,2020-07-31,52.84
ROL,2020-04-30,40.26
ROL,2019-10-31,38.2
ROL,2017-10-31,28.71
ROL,2015-10-30,16.97
ROP,2020-10-30,375.05
ROP,2020-09-30,398.55
ROP,2020-07-31,436.21
ROP,2020-04-30,343.54
ROP,2019-10-31,338.41
ROP,2017-10-31,256.29
ROP,2015-10-30,182.57
ROST,2020-10-30,86.02
ROST,2020-09-30,94.25
ROST,2020-07-31,90.57
ROST,2020-04-30,92.27
ROST,2019-10-31,110.18
ROST,2017-10-31,62.49
ROST,2015-10-30,48.85
RCL,2020-10-30,56.98
RCL,2020-09-30,65.38
RCL,2020-07-31,49.2
RCL,2020-04-30,47.24
RCL,2019-10-31,108.17
RCL,2017-10-31,117.49
RCL,2015-10-30,89.63
SPGI,2020-10-30,325.96
SPGI,2020-09-30,364.21
SPGI,2020-07-31,353.1
SPGI,2020-04-30,294.63
SPGI,2019-10-31,258.37
SPGI,2017-10-31,153.5
SPGI,2015-10-30,88.59
CRM,2020-10-30,234.59
CRM,2020-09-30,253.83
CRM,2020-07-31,196.8
CRM,2020-04-30,163.57
CRM,2019-10-31,158.05
CRM,2017-10-31,103.36
CRM,2015-10-30,78.49
SBAC,2020-10-30,293.27
SBAC,2020-09-30,321.66
SBAC,2020-07-31,314.18
SBAC,2020-04-30,291.91
SBAC,2019-10-31,241.53
SBAC,2017-10-31,157.54
SBAC,2015-10-30,119.29
SLB,2020-10-30,15.09
SLB,2020-09-30,15.72
SLB,2020-07-31,18.2
SLB,2020-04-30,16.77
SLB,2019-10-31,31.66
SLB,2017-10-31,57.11
SLB,2015-10-30,66.09
STX,2020-10-30,48.3
STX,2020-09-30,49.76
STX,2020-07-31,45.06
STX,2020-04-30,49.14
STX,2019-10-31,55.57
STX,2017-10-31,31.86
STX,2015-10-30,28.26
SEE,2020-10-30,39.99
SEE,2020-09-30,39.2
SEE,2020-07-31,35.9
SEE,2020-04-30,28.62
SEE,2019-10-31,41.43
SEE,2017-10-31,42.55
SEE,2015-10-30,46.02
SRE,2020-10-30,126.61
SRE,2020-09-30,119.54
SRE,2020-07-31,124.55
SRE,2020-04-30,122.87
SRE,2019-10-31,141.0
SRE,2017-10-31,107.81
SRE,2015-10-30,88.66
NOW,2020-10-30,502.55
NOW,2020-09-30,489.85
NOW,2020-07-31,443.59
NOW,2020-04-30,355.06
NOW,2019-10-31,249.73
NOW,2017-10-31,127.63
NOW,2015-10-30,82.47
SHW,2020-10-30,694.86
SHW,2020-09-30,703.71
SHW,2020-07-31,653.08
SHW,2020-04-30,539.36
SHW,2019-10-31,572.94
SHW,2017-10-31,388.5
SHW,2015-10-30,256.51
SPG,2020-10-30,63.44
SPG,2020-09-30,64.14
SPG,2020-07-31,61.82
SPG,2020-04-30,64.89
SPG,2019-10-31,142.27
SPG,2017-10-31,133.29
SPG,2015-10-30,160.54
SWKS,2020-10-30,142.7
SWKS,2020-09-30,146.96
SWKS,2020-07-31,146.53
SWKS,2020-04-30,104.15
SWKS,2019-10-31,90.54
SWKS,2017-10-31,109.35
SWKS,2015-10-30,72.07
SLG,2020-10-30,43.24
SLG,2020-09-30,46.5
SLG,2020-07-31,46.07
SLG,2020-04-30,51.56
SLG,2019-10-31,79.51
SLG,2017-10-31,84.47
SLG,2015-10-30,98.85
SNA,2020-10-30,159.11
SNA,2020-09-30,148.6
SNA,2020-07-31,146.28
SNA,2020-04-30,129.59
SNA,2019-10-31,159.64
SNA,2017-10-31,148.09
SNA,2015-10-30,150.68
SO,2020-10-30,58.02
SO,2020-09-30,54.76
SO,2020-07-31,54.51
SO,2020-04-30,55.96
SO,2019-10-31,60.66
SO,2017-10-31,45.8
SO,2015-10-30,36.1
LUV,2020-10-30,39.93
LUV,2020-09-30,37.88
LUV,2020-07-31,31.2
LUV,2020-04-30,31.56
LUV,2019-10-31,56.29
LUV,2017-10-31,52.78
LUV,2015-10-30,44.61
SWK,2020-10-30,167.86
SWK,2020-09-30,163.82
SWK,2020-07-31,154.2
SWK,2020-04-30,110.22
SWK,2019-10-31,149.97
SWK,2017-10-31,154.13
SWK,2015-10-30,97.3
SBUX,2020-10-30,87.83
SBUX,2020-09-30,86.78
SBUX,2020-07-31,76.88
SBUX,2020-04-30,76.65
SBUX,2019-10-31,83.66
SBUX,2017-10-31,52.04
SBUX,2015-10-30,57.54
STT,2020-10-30,59.49
STT,2020-09-30,59.92
STT,2020-07-31,63.87
STT,2020-04-30,62.58
STT,2019-10-31,64.51
STT,2017-10-31,85.43
STT,2015-10-30,61.48
STE,2020-10-30,178.96
STE,2020-09-30,177.95
STE,2020-07-31,160.81
STE,2020-04-30,143.22
STE,2019-10-31,141.62
STE,2017-10-31,91.21
STE,2015-10-30,71.31
SYK,2020-10-30,204.03
SYK,2020-09-30,210.45
SYK,2020-07-31,194.69
SYK,2020-04-30,187.15
SYK,2019-10-31,215.74
SYK,2017-10-31,151.06
SYK,2015-10-30,90.78
SIVB,2020-10-30,293.61
SIVB,2020-09-30,243.03
SIVB,2020-07-31,226.51
SIVB,2020-04-30,195.1
SIVB,2019-10-31,223.69
SIVB,2017-10-31,221.47
SIVB,2015-10-30,123.29
SYF,2020-10-30,25.27
SYF,2020-09-30,26.2
SYF,2020-07-31,22.16
SYF,2020-04-30,19.41
SYF,2019-10-31,34.25
SYF,2017-10-31,30.15
SYF,2015-10-30,27.8
SNPS,2020-10-30,216.0
SNPS,2020-09-30,216.12
SNPS,2020-07-31,201.21
SNPS,2020-04-30,158.69
SNPS,2019-10-31,137.11
SNPS,2017-10-31,87.39
SNPS,2015-10-30,50.48
SYY,2020-10-30,55.86
SYY,2020-09-30,62.39
SYY,2020-07-31,52.99
SYY,2020-04-30,55.95
SYY,2019-10-31,78.16
SYY,2017-10-31,52.05
SYY,2015-10-30,36.41
TMUS,2020-10-30,110.67
TMUS,2020-09-30,115.5
TMUS,2020-07-31,108.45
TMUS,2020-04-30,88.68
TMUS,2019-10-31,83.49
TMUS,2017-10-31,60.37
TMUS,2015-10-30,37.56
TROW,2020-10-30,127.93
TROW,2020-09-30,129.5
TROW,2020-07-31,138.48
TROW,2020-04-30,115.07
TROW,2019-10-31,113.42
TROW,2017-10-31,86.38
TROW,2015-10-30,66.23
TTWO,2020-10-30,156.47
TTWO,2020-09-30,166.87
TTWO,2020-07-31,165.66
TTWO,2020-04-30,122.26
TTWO,2019-10-31,121.55
TTWO,2017-10-31,111.76
TTWO,2015-10-30,33.53
TPR,2020-10-30,22.45
TPR,2020-09-30,15.79
TPR,2020-07-31,13.49
TPR,2020-04-30,15.03
TPR,2019-10-31,25.41
TPR,2017-10-31,37.34
TPR,2015-10-30,26.52
TGT,2020-10-30,153.74
TGT,2020-09-30,158.99
TGT,2020-07-31,126.51
TGT,2020-04-30,109.71
TGT,2019-10-31,105.65
TGT,2017-10-31,54.48
TGT,2015-10-30,66.32
TEL,2020-10-30,97.85
TEL,2020-09-30,98.72
TEL,2020-07-31,89.51
TEL,2020-04-30,73.37
TEL,2019-10-31,88.5
TEL,2017-10-31,86.16
TEL,2015-10-30,58.43
FTI,2020-10-30,5.59
FTI,2020-09-30,6.37
FTI,2020-07-31,8.11
FTI,2020-04-30,9.0
FTI,2019-10-31,19.39
FTI,2017-10-31,25.87
FTI,2015-10-30,29.77
TDY,2020-10-30,312.24
TDY,2020-09-30,313.31
TDY,2020-07-31,309.77
TDY,2020-04-30,328.93
TDY,2019-10-31,332.9
TDY,2017-10-31,171.66
TDY,2015-10-30,90.12
TFX,2020-10-30,321.41
TFX,2020-09-30,343.82
TFX,2020-07-31,376.49
TFX,2020-04-30,338.11
TFX,2019-10-31,349.51
TFX,2017-10-31,236.04
TFX,2015-10-30,130.31
TER,2020-10-30,88.73
TER,2020-09-30,80.25
TER,2020-07-31,89.75
TER,2020-04-30,62.99
TER,2019-10-31,61.48
TER,2017-10-31,42.36
TER,2015-10-30,18.89
TXN,2020-10-30,146.04
TXN,2020-09-30,143.19
TXN,2020-07-31,127.91
TXN,2020-04-30,114.71
TXN,2019-10-31,115.77
TXN,2017-10-31,89.94
TXN,2015-10-30,50.12
TXT,2020-10-30,36.16
TXT,2020-09-30,36.45
TXT,2020-07-31,35.27
TXT,2020-04-30,26.59
TXT,2019-10-31,46.45
TXT,2017-10-31,52.98
TXT,2015-10-30,42.21
TMO,2020-10-30,477.85
TMO,2020-09-30,445.94
TMO,2020-07-31,417.88
TMO,2020-04-30,337.63
TMO,2019-10-31,304.23
TMO,2017-10-31,194.14
TMO,2015-10-30,129.97
TIF,2020-10-30,132.15
TIF,2020-09-30,117.01
TIF,2020-07-31,125.98
TIF,2020-04-30,126.51
TIF,2019-10-31,123.33
TIF,2017-10-31,88.78
TIF,2015-10-30,74.65
TJX,2020-10-30,51.31
TJX,2020-09-30,56.21
TJX,2020-07-31,52.51
TJX,2020-04-30,49.54
TJX,2019-10-31,57.78
TJX,2017-10-31,33.84
TJX,2015-10-30,33.69
TSCO,2020-10-30,134.54
TSCO,2020-09-30,144.77
TSCO,2020-07-31,143.79
TSCO,2020-04-30,101.85
TSCO,2019-10-31,94.73
TSCO,2017-10-31,58.32
TSCO,2015-10-30,87.06
TT,2020-10-30,134.08
TT,2020-09-30,122.46
TT,2020-07-31,112.5
TT,2020-04-30,87.42
TT,2019-10-31,97.55
TT,2017-10-31,65.48
TT,2015-10-30,42.05
TDG,2020-10-30,482.18
TDG,2020-09-30,479.87
TDG,2020-07-31,435.9
TDG,2020-04-30,366.71
TDG,2019-10-31,502.65
TDG,2017-10-31,250.29
TDG,2015-10-30,166.96
TRV,2020-10-30,121.92
TRV,2020-09-30,109.27
TRV,2020-07-31,114.7
TRV,2020-04-30,100.79
TRV,2019-10-31,128.87
TRV,2017-10-31,124.46
TRV,2015-10-30,101.35
TFC,2020-10-30,42.54
TFC,2020-09-30,38.43
TFC,2020-07-31,37.42
TFC,2020-04-30,36.74
TFC,2019-10-31,51.38
TFC,2017-10-31,44.78
TFC,2015-10-30,31.84
TWTR,2020-10-30,41.77
TWTR,2020-09-30,44.94
TWTR,2020-07-31,36.76
TWTR,2020-04-30,28.97
TWTR,2019-10-31,30.27
TWTR,2017-10-31,20.83
TWTR,2015-10-30,28.74
TYL,2020-10-30,388.22
TYL,2020-09-30,352.05
TYL,2020-07-31,360.82
TYL,2020-04-30,323.9
TYL,2019-10-31,271.21
TYL,2017-10-31,179.06
TYL,2015-10-30,172.06
TSN,2020-10-30,57.8
TSN,2020-09-30,60.07
TSN,2020-07-31,61.66
TSN,2020-04-30,61.98
TSN,2019-10-31,81.29
TSN,2017-10-31,68.7
TSN,2015-10-30,40.78
UDR,2020-10-30,31.55
UDR,2020-09-30,32.6
UDR,2020-07-31,36.19
UDR,2020-04-30,37.09
UDR,2019-10-31,48.87
UDR,2017-10-31,35.38
UDR,2015-10-30,29.46
ULTA,2020-10-30,208.84
ULTA,2020-09-30,226.22
ULTA,2020-07-31,194.92
ULTA,2020-04-30,220.1
ULTA,2019-10-31,235.48
ULTA,2017-10-31,203.81
ULTA,2015-10-30,175.7
USB,2020-10-30,39.34
USB,2020-09-30,36.21
USB,2020-07-31,36.77
USB,2020-04-30,36.02
USB,2019-10-31,55.21
USB,2017-10-31,49.82
USB,2015-10-30,36.86
UAA,2020-10-30,13.98
UAA,2020-09-30,11.34
UAA,2020-07-31,10.63
UAA,2020-04-30,10.52
UAA,2019-10-31,20.86
UAA,2017-10-31,12.65
UAA,2015-10-30,48.02
UA,2020-10-30,12.35
UA,2020-09-30,9.94
UA,2020-07-31,9.58
UA,2020-04-30,9.36
UA,2019-10-31,18.68
UA,2017-10-31,11.65
UA,2015-10-30,96.03
UNP,2020-10-30,178.96
UNP,2020-09-30,198.84
UNP,2020-07-31,174.21
UNP,2020-04-30,159.69
UNP,2019-10-31,163.49
UNP,2017-10-31,109.58
UNP,2015-10-30,80.53
UAL,2020-10-30,34.2
UAL,2020-09-30,35.1
UAL,2020-07-31,31.69
UAL,2020-04-30,29.88
UAL,2019-10-31,91.75
UAL,2017-10-31,59.06
UAL,2015-10-30,60.91
UNH,2020-10-30,308.19
UNH,2020-09-30,314.89
UNH,2020-07-31,304.56
UNH,2020-04-30,292.92
UNH,2019-10-31,251.04
UNH,2017-10-31,202.73
UNH,2015-10-30,109.87
UPS,2020-10-30,158.68
UPS,2020-09-30,168.3
UPS,2020-07-31,143.28
UPS,2020-04-30,94.01
UPS,2019-10-31,112.38
UPS,2017-10-31,107.34
UPS,2015-10-30,88.65
URI,2020-10-30,180.07
URI,2020-09-30,176.24
URI,2020-07-31,156.92
URI,2020-04-30,129.78
URI,2019-10-31,134.91
URI,2017-10-31,142.89
URI,2015-10-30,75.61
UHS,2020-10-30,110.65
UHS,2020-09-30,108.09
UHS,2020-07-31,111.0
UHS,2020-04-30,106.75
UHS,2019-10-31,138.42
UHS,2017-10-31,102.69
UHS,2015-10-30,121.26
UNM,2020-10-30,17.84
UNM,2020-09-30,16.71
UNM,2020-07-31,17.1
UNM,2020-04-30,17.05
UNM,2019-10-31,26.12
UNM,2017-10-31,46.63
UNM,2015-10-30,29.78
VFC,2020-10-30,67.87
VFC,2020-09-30,70.95
VFC,2020-07-31,60.54
VFC,2020-04-30,57.86
VFC,2019-10-31,80.95
VFC,2017-10-31,61.58
VFC,2015-10-30,56.2
VLO,2020-10-30,39.0
VLO,2020-09-30,43.75
VLO,2020-07-31,55.8
VLO,2020-04-30,61.89
VLO,2019-10-31,92.82
VLO,2017-10-31,70.11
VLO,2015-10-30,54.12
VAR,2020-10-30,174.53
VAR,2020-09-30,173.72
VAR,2020-07-31,144.15
VAR,2020-04-30,115.52
VAR,2019-10-31,122.02
VAR,2017-10-31,105.23
VAR,2015-10-30,69.55
VTR,2020-10-30,39.86
VTR,2020-09-30,42.38
VTR,2020-07-31,38.33
VTR,2020-04-30,31.94
VTR,2019-10-31,61.63
VTR,2017-10-31,53.46
VTR,2015-10-30,41.61
VRSN,2020-10-30,192.61
VRSN,2020-09-30,206.9
VRSN,2020-07-31,213.8
VRSN,2020-04-30,211.58
VRSN,2019-10-31,191.92
VRSN,2017-10-31,108.6
VRSN,2015-10-30,81.41
VRSK,2020-10-30,179.75
VRSK,2020-09-30,187.16
VRSK,2020-07-31,190.31
VRSK,2020-04-30,153.87
VRSK,2019-10-31,145.18
VRSK,2017-10-31,84.88
VRSK,2015-10-30,71.47
VZ,2020-10-30,57.56
VZ,2020-09-30,59.45
VZ,2020-07-31,57.44
VZ,2020-04-30,56.77
VZ,2019-10-31,58.52
VZ,2017-10-31,42.43
VZ,2015-10-30,37.92
VRTX,2020-10-30,210.44
VRTX,2020-09-30,274.84
VRTX,2020-07-31,274.72
VRTX,2020-04-30,253.71
VRTX,2019-10-31,197.43
VRTX,2017-10-31,147.69
VRTX,2015-10-30,125.99
VIAC,2020-10-30,28.86
VIAC,2020-09-30,28.29
VIAC,2020-07-31,26.12
VIAC,2020-04-30,17.29
VIAC,2019-10-31,
VIAC,2017-10-31,
VIAC,2015-10-30,
V,2020-10-30,183.53
V,2020-09-30,201.97
V,2020-07-31,192.01
V,2020-04-30,179.93
V,2019-10-31,179.52
V,2017-10-31,108.94
V,2015-10-30,75.58
VNT,2020-10-30,29.03
VNT,2020-09-30,
VNT,2020-07-31,
VNT,2020-04-30,
VNT,2019-10-31,
VNT,2017-10-31,
VNT,2015-10-30,
VNO,2020-10-30,31.04
VNO,2020-09-30,34.05
VNO,2020-07-31,34.35
VNO,2020-04-30,42.83
VNO,2019-10-31,61.09
VNO,2017-10-31,64.69
VNO,2015-10-30,66.49
VMC,2020-10-30,146.29
VMC,2020-09-30,136.9
VMC,2020-07-31,118.28
VMC,2020-04-30,113.42
VMC,2019-10-31,142.75
VMC,2017-10-31,119.35
VMC,2015-10-30,93.33
WRB,2020-10-30,60.72
WRB,2020-09-30,61.76
WRB,2020-07-31,62.25
WRB,2020-04-30,54.33
WRB,2019-10-31,69.33
WRB,2017-10-31,43.39
WRB,2015-10-30,33.94
WAB,2020-10-30,59.89
WAB,2020-09-30,62.5
WAB,2020-07-31,62.7
WAB,2020-04-30,56.76
WAB,2019-10-31,69.58
WAB,2017-10-31,75.81
WAB,2015-10-30,81.17
WMT,2020-10-30,140.14
WMT,2020-09-30,141.31
WMT,2020-07-31,130.16
WMT,2020-04-30,121.73
WMT,2019-10-31,116.39
WMT,2017-10-31,82.48
WMT,2015-10-30,51.07
WBA,2020-10-30,34.38
WBA,2020-09-30,36.28
WBA,2020-07-31,40.65
WBA,2020-04-30,42.74
WBA,2019-10-31,53.22
WBA,2017-10-31,61.05
WBA,2015-10-30,75.2
DIS,2020-10-30,122.46
DIS,2020-09-30,125.32
DIS,2020-07-31,118.11
DIS,2020-04-30,109.23
DIS,2019-10-31,130.44
DIS,2017-10-31,95.3
DIS,2015-10-30,107.69
WM,2020-10-30,108.99
WM,2020-09-30,114.3
WM,2020-07-31,110.17
WM,2020-04-30,100.04
WM,2019-10-31,111.22
WM,2017-10-31,78.23
WM,2015-10-30,48.66
WAT,2020-10-30,225.05
WAT,2020-09-30,197.64
WAT,2020-07-31,215.28
WAT,2020-04-30,188.87
WAT,2019-10-31,213.74
WAT,2017-10-31,198.01
WAT,2015-10-30,129.08
WEC,2020-10-30,101.56
WEC,2020-09-30,97.87
WEC,2020-07-31,95.56
WEC,2020-04-30,90.15
WEC,2019-10-31,92.76
WEC,2017-10-31,62.14
WEC,2015-10-30,43.6
WFC,2020-10-30,21.66
WFC,2020-09-30,23.75
WFC,2020-07-31,24.4
WFC,2020-04-30,28.63
WFC,2019-10-31,49.88
WFC,2017-10-31,50.79
WFC,2015-10-30,46.16
WELL,2020-10-30,54.31
WELL,2020-09-30,55.64
WELL,2020-07-31,53.51
WELL,2020-04-30,50.42
WELL,2019-10-31,87.45
WELL,2017-10-31,58.23
WELL,2015-10-30,51.04
WST,2020-10-30,274.79
WST,2020-09-30,277.65
WST,2020-07-31,271.56
WST,2020-04-30,191.04
WST,2019-10-31,144.9
WST,2017-10-31,101.05
WST,2015-10-30,59.02
WDC,2020-10-30,38.11
WDC,2020-09-30,36.92
WDC,2020-07-31,43.53
WDC,2020-04-30,46.54
WDC,2019-10-31,51.09
WDC,2017-10-31,82.19
WDC,2015-10-30,57.29
WU,2020-10-30,19.63
WU,2020-09-30,21.64
WU,2020-07-31,24.28
WU,2020-04-30,18.88
WU,2019-10-31,24.37
WU,2017-10-31,17.89
WU,2015-10-30,16.2
WRK,2020-10-30,37.93
WRK,2020-09-30,35.09
WRK,2020-07-31,26.95
WRK,2020-04-30,32.03
WRK,2019-10-31,36.34
WRK,2017-10-31,55.3
WRK,2015-10-30,40.82
WY,2020-10-30,27.56
WY,2020-09-30,28.81
WY,2020-07-31,28.09
WY,2020-04-30,22.09
WY,2019-10-31,28.82
WY,2017-10-31,32.37
WY,2015-10-30,24.67
WHR,2020-10-30,186.81
WHR,2020-09-30,185.73
WHR,2020-07-31,163.65
WHR,2020-04-30,110.81
WHR,2019-10-31,148.34
WHR,2017-10-31,149.65
WHR,2015-10-30,139.46
WMB,2020-10-30,19.38
WMB,2020-09-30,19.85
WMB,2020-07-31,18.96
WMB,2020-04-30,18.81
WMB,2019-10-31,20.78
WMB,2017-10-31,23.9
WMB,2015-10-30,28.94
WLTW,2020-10-30,184.3
WLTW,2020-09-30,210.91
WLTW,2020-07-31,211.41
WLTW,2020-04-30,178.85
WLTW,2019-10-31,186.12
WLTW,2017-10-31,155.64
WLTW,2015-10-30,110.35
WYNN,2020-10-30,73.15
WYNN,2020-09-30,72.53
WYNN,2020-07-31,73.15
WYNN,2020-04-30,86.39
WYNN,2019-10-31,120.52
WYNN,2017-10-31,139.83
WYNN,2015-10-30,63.56
XEL,2020-10-30,70.73
XEL,2020-09-30,69.7
XEL,2020-07-31,69.3
XEL,2020-04-30,63.38
XEL,2019-10-31,62.51
XEL,2017-10-31,45.84
XEL,2015-10-30,30.9
XRX,2020-10-30,17.55
XRX,2020-09-30,18.96
XRX,2020-07-31,16.59
XRX,2020-04-30,17.92
XRX,2019-10-31,32.6
XRX,2017-10-31,27.08
XRX,2015-10-30,20.75
XLNX,2020-10-30,119.88
XLNX,2020-09-30,105.28
XLNX,2020-07-31,108.03
XLNX,2020-04-30,87.57
XLNX,2019-10-31,90.17
XLNX,2017-10-31,70.75
XLNX,2015-10-30,43.48
XYL,2020-10-30,87.76
XYL,2020-09-30,84.72
XYL,2020-07-31,73.27
XYL,2020-04-30,71.89
XYL,2019-10-31,76.45
XYL,2017-10-31,64.55
XYL,2015-10-30,34.34
YUM,2020-10-30,94.26
YUM,2020-09-30,92.21
YUM,2020-07-31,91.52
YUM,2020-04-30,86.42
YUM,2019-10-31,100.81
YUM,2017-10-31,71.37
YUM,2015-10-30,47.11
ZBRA,2020-10-30,286.48
ZBRA,2020-09-30,254.98
ZBRA,2020-07-31,283.56
ZBRA,2020-04-30,231.96
ZBRA,2019-10-31,240.25
ZBRA,2017-10-31,117.15
ZBRA,2015-10-30,77.67
ZBH,2020-10-30,133.42
ZBH,2020-09-30,137.5
ZBH,2020-07-31,135.97
ZBH,2020-04-30,120.43
ZBH,2019-10-31,138.51
ZBH,2017-10-31,119.89
ZBH,2015-10-30,101.38
ZION,2020-10-30,32.59
ZION,2020-09-30,29.51
ZION,2020-07-31,32.48
ZION,2020-04-30,31.26
ZION,2019-10-31,47.26
ZION,2017-10-31,43.35
ZION,2015-10-30,26.35
ZTS,2020-10-30,160.14
ZTS,2020-09-30,166.81
ZTS,2020-07-31,153.0
ZTS,2020-04-30,130.26
ZTS,2019-10-31,128.46
ZTS,2017-10-31,63.21
ZTS,2015-10-30,41.93
